local_id,import_id,jira_key,jira_issue_id,verified
EPIC-001,100001,,,false
EPIC-002,100002,,,false
EPIC-003,100003,,,false
EPIC-004,100004,,,false
EPIC-005,100005,,,false
EPIC-006,100006,,,false
EPIC-007,100007,,,false
EPIC-008,100008,,,false
EPIC-009,100009,,,false
EPIC-010,100010,,,false
EPIC-011,100011,,,false
EPIC-012,100012,,,false
EPIC-013,100013,,,false
EPIC-014,100014,,,false
EPIC-015,100015,,,false
EPIC-016,100016,,,false
EPIC-017,100017,,,false
EPIC-018,100018,,,false
EPIC-019,100019,,,false
EPIC-020,100020,,,false
EPIC-021,100021,,,false
EPIC-022,100022,,,false
EPIC-023,100023,,,false
EPIC-024,100024,,,false
EPIC-025,100025,,,false
EPIC-026,100026,,,false
EPIC-027,100027,,,false
EPIC-028,100028,,,false
EPIC-029,100029,,,false
EPIC-030,100030,,,false
EPIC-031,100031,,,false
EPIC-032,100032,,,false
EPIC-033,100033,,,false
POST-EPIC-001,100034,,,false
POST-EPIC-002,100035,,,false
POST-EPIC-003,100036,,,false
POST-EPIC-004,100037,,,false
POST-EPIC-005,100038,,,false
POST-EPIC-006,100039,,,false
POST-EPIC-007,100040,,,false
POST-EPIC-008,100041,,,false
POST-EPIC-009,100042,,,false
POST-EPIC-010,100043,,,false
POST-EPIC-011,100044,,,false
POST-EPIC-012,100045,,,false
POST-EPIC-013,100046,,,false
POST-EPIC-014,100047,,,false
POST-EPIC-015,100048,,,false
POST-EPIC-016,100049,,,false
POST-EPIC-017,100050,,,false
POST-STORY-001,100051,,,false
POST-STORY-002,100052,,,false
POST-STORY-003,100053,,,false
POST-STORY-004,100054,,,false
POST-STORY-005,100055,,,false
POST-STORY-006,100056,,,false
POST-STORY-007,100057,,,false
POST-STORY-008,100058,,,false
POST-STORY-009,100059,,,false
POST-STORY-010,100060,,,false
POST-STORY-011,100061,,,false
POST-STORY-012,100062,,,false
POST-STORY-013,100063,,,false
POST-STORY-014,100064,,,false
POST-STORY-015,100065,,,false
POST-STORY-016,100066,,,false
POST-STORY-017,100067,,,false
POST-STORY-018,100068,,,false
POST-STORY-019,100069,,,false
POST-STORY-020,100070,,,false
POST-STORY-021,100071,,,false
POST-STORY-022,100072,,,false
POST-STORY-023,100073,,,false
POST-STORY-024,100074,,,false
POST-STORY-025,100075,,,false
POST-STORY-026,100076,,,false
POST-STORY-027,100077,,,false
POST-STORY-028,100078,,,false
POST-STORY-029,100079,,,false
POST-STORY-030,100080,,,false
POST-STORY-031,100081,,,false
POST-STORY-032,100082,,,false
POST-STORY-033,100083,,,false
POST-STORY-034,100084,,,false
POST-STORY-035,100085,,,false
POST-STORY-036,100086,,,false
POST-STORY-037,100087,,,false
POST-STORY-038,100088,,,false
POST-STORY-039,100089,,,false
POST-STORY-040,100090,,,false
POST-STORY-041,100091,,,false
POST-STORY-042,100092,,,false
POST-STORY-043,100093,,,false
POST-STORY-044,100094,,,false
POST-STORY-045,100095,,,false
POST-STORY-046,100096,,,false
POST-STORY-047,100097,,,false
POST-STORY-048,100098,,,false
POST-STORY-049,100099,,,false
POST-STORY-050,100100,,,false
POST-STORY-051,100101,,,false
POST-STORY-052,100102,,,false
POST-STORY-053,100103,,,false
TASK-001,100104,,,false
TASK-002,100105,,,false
TASK-003,100106,,,false
TASK-004,100107,,,false
TASK-005,100108,,,false
TASK-006,100109,,,false
TASK-007,100110,,,false
TASK-008,100111,,,false
TASK-009,100112,,,false
TASK-010,100113,,,false
TASK-011,100114,,,false
TASK-012,100115,,,false
TASK-013,100116,,,false
TASK-014,100117,,,false
TASK-015,100118,,,false
TASK-016,100119,,,false
TASK-017,100120,,,false
TASK-018,100121,,,false
TASK-019,100122,,,false
TASK-020,100123,,,false
TASK-021,100124,,,false
TASK-022,100125,,,false
TASK-023,100126,,,false
TASK-024,100127,,,false
TASK-025,100128,,,false
TASK-026,100129,,,false
TASK-027,100130,,,false
TASK-028,100131,,,false
TASK-029,100132,,,false
TASK-030,100133,,,false
TASK-031,100134,,,false
TASK-032,100135,,,false
TASK-033,100136,,,false
TASK-034,100137,,,false
TASK-035,100138,,,false
TASK-036,100139,,,false
TASK-037,100140,,,false
TASK-038,100141,,,false
TASK-039,100142,,,false
TASK-040,100143,,,false
TASK-041,100144,,,false
TASK-042,100145,,,false
TASK-043,100146,,,false
TASK-044,100147,,,false
TASK-045,100148,,,false
TASK-046,100149,,,false
TASK-047,100150,,,false
TASK-048,100151,,,false
TASK-049,100152,,,false
TASK-050,100153,,,false
TASK-051,100154,,,false
TASK-052,100155,,,false
TASK-053,100156,,,false
TASK-054,100157,,,false
TASK-055,100158,,,false
TASK-056,100159,,,false
TASK-057,100160,,,false
TASK-058,100161,,,false
TASK-059,100162,,,false
TASK-060,100163,,,false
TASK-061,100164,,,false
TASK-062,100165,,,false
TASK-063,100166,,,false
TASK-064,100167,,,false
TASK-065,100168,,,false
TASK-066,100169,,,false
TASK-067,100170,,,false
TASK-068,100171,,,false
TASK-069,100172,,,false
TASK-070,100173,,,false
TASK-071,100174,,,false
TASK-072,100175,,,false
TASK-073,100176,,,false
TASK-074,100177,,,false
TASK-075,100178,,,false
TASK-076,100179,,,false
TASK-077,100180,,,false
TASK-078,100181,,,false
TASK-079,100182,,,false
TASK-080,100183,,,false
TASK-081,100184,,,false
TASK-082,100185,,,false
TASK-083,100186,,,false
TASK-084,100187,,,false
TASK-085,100188,,,false
TASK-086,100189,,,false
TASK-087,100190,,,false
TASK-088,100191,,,false
TASK-089,100192,,,false
TASK-090,100193,,,false
TASK-091,100194,,,false
TASK-092,100195,,,false
TASK-093,100196,,,false
TASK-094,100197,,,false
TASK-095,100198,,,false
TASK-096,100199,,,false
TASK-097,100200,,,false
TASK-098,100201,,,false
TASK-099,100202,,,false
TASK-100,100203,,,false
TASK-101,100204,,,false
TASK-102,100205,,,false
TASK-103,100206,,,false
TASK-104,100207,,,false
TASK-105,100208,,,false
TASK-106,100209,,,false
TASK-107,100210,,,false
TASK-108,100211,,,false
TASK-109,100212,,,false
TASK-110,100213,,,false
TASK-111,100214,,,false
TASK-112,100215,,,false
TASK-113,100216,,,false
TASK-114,100217,,,false
TASK-115,100218,,,false
TASK-116,100219,,,false
TASK-117,100220,,,false
TASK-118,100221,,,false
TASK-119,100222,,,false
TASK-120,100223,,,false
TASK-121,100224,,,false
TASK-122,100225,,,false
TASK-123,100226,,,false
TASK-124,100227,,,false
TASK-125,100228,,,false
TASK-126,100229,,,false
TASK-127,100230,,,false
TASK-128,100231,,,false
TASK-129,100232,,,false
TASK-130,100233,,,false
TASK-131,100234,,,false
TASK-132,100235,,,false
TASK-133,100236,,,false
TASK-134,100237,,,false
TASK-135,100238,,,false
TASK-136,100239,,,false
TASK-137,100240,,,false
TASK-138,100241,,,false
TASK-139,100242,,,false
TASK-140,100243,,,false
TASK-141,100244,,,false
TASK-142,100245,,,false
TASK-143,100246,,,false
TASK-144,100247,,,false
TASK-145,100248,,,false
TASK-146,100249,,,false
TASK-147,100250,,,false
TASK-148,100251,,,false
TASK-149,100252,,,false
TASK-150,100253,,,false
TASK-151,100254,,,false
TASK-152,100255,,,false
TASK-153,100256,,,false
TASK-154,100257,,,false
TASK-155,100258,,,false
TASK-156,100259,,,false
TASK-157,100260,,,false
TASK-158,100261,,,false
TASK-159,100262,,,false
TASK-160,100263,,,false
TASK-161,100264,,,false
TASK-162,100265,,,false
TASK-163,100266,,,false
TASK-164,100267,,,false
TASK-165,100268,,,false
TASK-166,100269,,,false
TASK-167,100270,,,false
TASK-168,100271,,,false
TASK-169,100272,,,false
TASK-170,100273,,,false
TASK-171,100274,,,false
TASK-172,100275,,,false
TASK-173,100276,,,false
TASK-174,100277,,,false
TASK-175,100278,,,false
TASK-176,100279,,,false
TASK-177,100280,,,false
TASK-178,100281,,,false
TASK-179,100282,,,false
TASK-180,100283,,,false
TASK-181,100284,,,false
TASK-182,100285,,,false
TASK-183,100286,,,false
TASK-184,100287,,,false
TASK-185,100288,,,false
TASK-186,100289,,,false
TASK-187,100290,,,false
TASK-188,100291,,,false
TASK-189,100292,,,false
TASK-190,100293,,,false
TASK-191,100294,,,false
TASK-192,100295,,,false
TASK-193,100296,,,false
TASK-194,100297,,,false
TASK-195,100298,,,false
TASK-196,100299,,,false
TASK-197,100300,,,false
TASK-198,100301,,,false
TASK-199,100302,,,false
TASK-200,100303,,,false
TASK-201,100304,,,false
POST-SUBTASK-001,100305,,,false
POST-SUBTASK-002,100306,,,false
POST-SUBTASK-003,100307,,,false
POST-SUBTASK-004,100308,,,false
POST-SUBTASK-005,100309,,,false
POST-SUBTASK-006,100310,,,false
POST-SUBTASK-007,100311,,,false
POST-SUBTASK-008,100312,,,false
POST-SUBTASK-009,100313,,,false
POST-SUBTASK-010,100314,,,false
POST-SUBTASK-011,100315,,,false
POST-SUBTASK-012,100316,,,false
POST-SUBTASK-013,100317,,,false
POST-SUBTASK-014,100318,,,false
POST-SUBTASK-015,100319,,,false
POST-SUBTASK-016,100320,,,false
POST-SUBTASK-017,100321,,,false
POST-SUBTASK-018,100322,,,false
POST-SUBTASK-019,100323,,,false
POST-SUBTASK-020,100324,,,false
POST-SUBTASK-021,100325,,,false
POST-SUBTASK-022,100326,,,false
POST-SUBTASK-023,100327,,,false
POST-SUBTASK-024,100328,,,false
POST-SUBTASK-025,100329,,,false
POST-SUBTASK-026,100330,,,false
POST-SUBTASK-027,100331,,,false
POST-SUBTASK-028,100332,,,false
POST-SUBTASK-029,100333,,,false
POST-SUBTASK-030,100334,,,false
POST-SUBTASK-031,100335,,,false
POST-SUBTASK-032,100336,,,false
POST-SUBTASK-033,100337,,,false
POST-SUBTASK-034,100338,,,false
POST-SUBTASK-035,100339,,,false
POST-SUBTASK-036,100340,,,false
POST-SUBTASK-037,100341,,,false
POST-SUBTASK-038,100342,,,false
POST-SUBTASK-039,100343,,,false
POST-SUBTASK-040,100344,,,false
POST-SUBTASK-041,100345,,,false
POST-SUBTASK-042,100346,,,false
POST-SUBTASK-043,100347,,,false
POST-SUBTASK-044,100348,,,false
POST-SUBTASK-045,100349,,,false
POST-SUBTASK-046,100350,,,false
POST-SUBTASK-047,100351,,,false
POST-SUBTASK-048,100352,,,false
POST-SUBTASK-049,100353,,,false
POST-SUBTASK-050,100354,,,false
POST-SUBTASK-051,100355,,,false
POST-SUBTASK-052,100356,,,false
POST-SUBTASK-053,100357,,,false
POST-SUBTASK-054,100358,,,false
POST-SUBTASK-055,100359,,,false
POST-SUBTASK-056,100360,,,false
POST-SUBTASK-057,100361,,,false
POST-SUBTASK-058,100362,,,false
POST-SUBTASK-059,100363,,,false
POST-SUBTASK-060,100364,,,false
POST-SUBTASK-061,100365,,,false
POST-SUBTASK-062,100366,,,false
POST-SUBTASK-063,100367,,,false
POST-SUBTASK-064,100368,,,false
POST-SUBTASK-065,100369,,,false
POST-SUBTASK-066,100370,,,false
POST-SUBTASK-067,100371,,,false
POST-SUBTASK-068,100372,,,false
POST-SUBTASK-069,100373,,,false
POST-SUBTASK-070,100374,,,false
POST-SUBTASK-071,100375,,,false
POST-SUBTASK-072,100376,,,false
POST-SUBTASK-073,100377,,,false
POST-SUBTASK-074,100378,,,false
POST-SUBTASK-075,100379,,,false
POST-SUBTASK-076,100380,,,false
POST-SUBTASK-077,100381,,,false
POST-SUBTASK-078,100382,,,false
POST-SUBTASK-079,100383,,,false
POST-SUBTASK-080,100384,,,false
POST-SUBTASK-081,100385,,,false
POST-SUBTASK-082,100386,,,false
POST-SUBTASK-083,100387,,,false
POST-SUBTASK-084,100388,,,false
POST-SUBTASK-085,100389,,,false
POST-SUBTASK-086,100390,,,false
POST-SUBTASK-087,100391,,,false
POST-SUBTASK-088,100392,,,false
POST-SUBTASK-089,100393,,,false
POST-SUBTASK-090,100394,,,false
POST-SUBTASK-091,100395,,,false
POST-SUBTASK-092,100396,,,false
POST-SUBTASK-093,100397,,,false
POST-SUBTASK-094,100398,,,false
POST-SUBTASK-095,100399,,,false
POST-SUBTASK-096,100400,,,false
POST-SUBTASK-097,100401,,,false
POST-SUBTASK-098,100402,,,false
POST-SUBTASK-099,100403,,,false
POST-SUBTASK-100,100404,,,false
POST-SUBTASK-101,100405,,,false
POST-SUBTASK-102,100406,,,false
POST-SUBTASK-103,100407,,,false
POST-SUBTASK-104,100408,,,false
POST-SUBTASK-105,100409,,,false
POST-SUBTASK-106,100410,,,false
POST-SUBTASK-107,100411,,,false
POST-SUBTASK-108,100412,,,false
POST-SUBTASK-109,100413,,,false
POST-SUBTASK-110,100414,,,false
POST-SUBTASK-111,100415,,,false
POST-SUBTASK-112,100416,,,false
POST-SUBTASK-113,100417,,,false
POST-SUBTASK-114,100418,,,false
POST-SUBTASK-115,100419,,,false
POST-SUBTASK-116,100420,,,false
POST-SUBTASK-117,100421,,,false
POST-SUBTASK-118,100422,,,false
POST-SUBTASK-119,100423,,,false
POST-SUBTASK-120,100424,,,false
POST-SUBTASK-121,100425,,,false
POST-SUBTASK-122,100426,,,false
POST-SUBTASK-123,100427,,,false
POST-SUBTASK-124,100428,,,false
POST-SUBTASK-125,100429,,,false
POST-SUBTASK-126,100430,,,false
POST-SUBTASK-127,100431,,,false
POST-SUBTASK-128,100432,,,false
POST-SUBTASK-129,100433,,,false
POST-SUBTASK-130,100434,,,false
POST-SUBTASK-131,100435,,,false
POST-SUBTASK-132,100436,,,false
POST-SUBTASK-133,100437,,,false
POST-SUBTASK-134,100438,,,false
POST-SUBTASK-135,100439,,,false
POST-SUBTASK-136,100440,,,false
POST-SUBTASK-137,100441,,,false
POST-SUBTASK-138,100442,,,false
POST-SUBTASK-139,100443,,,false
POST-SUBTASK-140,100444,,,false
POST-SUBTASK-141,100445,,,false
POST-SUBTASK-142,100446,,,false
POST-SUBTASK-143,100447,,,false
POST-SUBTASK-144,100448,,,false
POST-SUBTASK-145,100449,,,false
POST-SUBTASK-146,100450,,,false
POST-SUBTASK-147,100451,,,false
POST-SUBTASK-148,100452,,,false
POST-SUBTASK-149,100453,,,false
POST-SUBTASK-150,100454,,,false
POST-SUBTASK-151,100455,,,false
POST-SUBTASK-152,100456,,,false
POST-SUBTASK-153,100457,,,false
POST-SUBTASK-154,100458,,,false
POST-SUBTASK-155,100459,,,false
POST-SUBTASK-156,100460,,,false
POST-SUBTASK-157,100461,,,false
POST-SUBTASK-158,100462,,,false
POST-SUBTASK-159,100463,,,false
POST-EPIC-018,100464,,,false
POST-STORY-054,100465,,,false
POST-STORY-055,100466,,,false
POST-STORY-056,100467,,,false
POST-SUBTASK-160,100468,,,false
POST-SUBTASK-161,100469,,,false
POST-SUBTASK-162,100470,,,false
POST-SUBTASK-163,100471,,,false
POST-SUBTASK-164,100472,,,false
POST-SUBTASK-165,100473,,,false
POST-SUBTASK-166,100474,,,false
POST-SUBTASK-167,100475,,,false
POST-SUBTASK-168,100476,,,false
POST-SUBTASK-169,100477,,,false
POST-SUBTASK-170,100478,,,false
POST-SUBTASK-171,100479,,,false
POST-SUBTASK-172,100480,,,false
POST-SUBTASK-173,100481,,,false
POST-SUBTASK-174,100482,,,false
POST-SUBTASK-175,100483,,,false
POST-SUBTASK-176,100484,,,false
POST-SUBTASK-177,100485,,,false
POST-SUBTASK-178,100486,,,false
POST-SUBTASK-179,100487,,,false
POST-SUBTASK-180,100488,,,false
POST-SUBTASK-181,100489,,,false
POST-SUBTASK-182,100490,,,false
POST-SUBTASK-183,100491,,,false
POST-SUBTASK-184,100492,,,false
POST-SUBTASK-185,100493,,,false
POST-SUBTASK-186,100494,,,false
POST-SUBTASK-187,100495,,,false
POST-SUBTASK-188,100496,,,false
POST-SUBTASK-189,100497,,,false
POST-SUBTASK-190,100498,,,false
POST-SUBTASK-191,100499,,,false
POST-SUBTASK-192,100500,,,false
POST-SUBTASK-193,100501,,,false
POST-SUBTASK-194,100502,,,false
POST-SUBTASK-195,100503,,,false
POST-SUBTASK-196,100504,,,false
POST-SUBTASK-197,100505,,,false
