path,change_type,previous_sha256,current_sha256
.codex/README.md,UNCHANGED,3df7dd57ee2740974effbfc0b098f1029249f9e9008ea1ee1e770395e40269ec,3df7dd57ee2740974effbfc0b098f1029249f9e9008ea1ee1e770395e40269ec
.codex/TASK_PACKET_TEMPLATE.md,UNCHANGED,1aba392336974c435c26cdc1c52bce8c70f500491cea04bce41566da75aec342,1aba392336974c435c26cdc1c52bce8c70f500491cea04bce41566da75aec342
.codex/WORKTREE_POLICY.md,UNCHANGED,d1ebc535fd41b1adccf8f0b50de7d4921713e0b933f939c12de8290ad8065b9f,d1ebc535fd41b1adccf8f0b50de7d4921713e0b933f939c12de8290ad8065b9f
.editorconfig,UNCHANGED,815a7443611a1a19ce656968bc9aefd29eb8bff77308398a0a7ed17768f71d52,815a7443611a1a19ce656968bc9aefd29eb8bff77308398a0a7ed17768f71d52
.env.example,UNCHANGED,3a13639a1997c5dc0954861f521049f9d28647ccfe96c8b68948c30ee3ef7658,3a13639a1997c5dc0954861f521049f9d28647ccfe96c8b68948c30ee3ef7658
.gitattributes,UNCHANGED,8132bdd5edd20f90efda8954a3c10df05b96cf7bb34b15a1eac80c6a9c15cf0f,8132bdd5edd20f90efda8954a3c10df05b96cf7bb34b15a1eac80c6a9c15cf0f
.github/CODEOWNERS,UNCHANGED,9c418a8473c73a52303004f4f3121d41aaa09d257dca58477fcd8cc445eb129f,9c418a8473c73a52303004f4f3121d41aaa09d257dca58477fcd8cc445eb129f
.github/ISSUE_TEMPLATE/bug_report.yml,UNCHANGED,5646a4c16ac5c3a0e300263d0d72ba5bff648f80eb79c0b5e28d02c2cbe1e19a,5646a4c16ac5c3a0e300263d0d72ba5bff648f80eb79c0b5e28d02c2cbe1e19a
.github/ISSUE_TEMPLATE/config.yml,UNCHANGED,13064e7bea658e01e718b414fbb7b3b244f36411fe25ee2055c151f7b534547a,13064e7bea658e01e718b414fbb7b3b244f36411fe25ee2055c151f7b534547a
.github/pull_request_template.md,UNCHANGED,6b9946aaedce6304edc81b7ad79f9d3d67317511bcb1d9b40cf4d3e8b1404ca7,6b9946aaedce6304edc81b7ad79f9d3d67317511bcb1d9b40cf4d3e8b1404ca7
.github/workflows/ci.yml,UNCHANGED,5b5dd283073f295aa9d487f5b886c5e25f8984b60e3c07dd239ec3fa5e75898a,5b5dd283073f295aa9d487f5b886c5e25f8984b60e3c07dd239ec3fa5e75898a
.gitignore,UNCHANGED,a5fc18c568ef0d6d5f1fa064e05ce38cfc02046b8c37acf95ca6d681e8c32c76,a5fc18c568ef0d6d5f1fa064e05ce38cfc02046b8c37acf95ca6d681e8c32c76
.python-version,UNCHANGED,7b55f8e67b5623c4bef3fa691288da9437d79d3aba156de48d481db32ac7d16d,7b55f8e67b5623c4bef3fa691288da9437d79d3aba156de48d481db32ac7d16d
AGENTS.md,MODIFIED,c3981fe0bee220917d42283ea52c40581ac258cb2716fa09f09364b155698804,20e7a2ec86a9511115582a9a6a320dfb7479d91824f619fdcda3977f62e099c3
CHANGELOG.md,MODIFIED,3d98387067b0334849ff89a57597a642a96d6da29fb705a40e8af61923b5cfda,ff84177e372ab86f15a1922ee29d7040930234ee6bce3cfc5db1183ca14973eb
CONTRIBUTING.md,UNCHANGED,0c8dea47db129c5286b441f0c01c881eb0b464b8f26d405540be67d4eded9a53,0c8dea47db129c5286b441f0c01c881eb0b464b8f26d405540be67d4eded9a53
README.md,MODIFIED,0557f380bba9062bfbd7346660d1f94413d09c7d7b846b3d9ff0813e6fcaf25a,5b8a73d6d91d3d63ee20a72b7df117db3352a71d1cb686a9a6fb243438ca4338
artifacts/README.md,UNCHANGED,3b602ad9a9f5a02011952964ded73f392d6f9a73c93b0f77a35173ff7ad23f2b,3b602ad9a9f5a02011952964ded73f392d6f9a73c93b0f77a35173ff7ad23f2b
configs/acceptance_registry.json,MODIFIED,6a22e719a007dd70924d5babb3a7ba72ae0bb11099365659208ad5b2e454e2f6,157f3bb34e279d5025b48da2a7b874360e421f6738df62cf1fe681e4adf928af
configs/architecture_registry.json,UNCHANGED,a13ada012009709d0511c6e043e6b38306e44d6a1c0572792108ab9e6ea1c91c,a13ada012009709d0511c6e043e6b38306e44d6a1c0572792108ab9e6ea1c91c
configs/backlog_policy.json,UNCHANGED,5a111297510f76a5b4a7247bdcfcd48076c83bb802d04a2991433fc1bcd76f37,5a111297510f76a5b4a7247bdcfcd48076c83bb802d04a2991433fc1bcd76f37
configs/bas_science_registry.json,UNCHANGED,d4eb21b5902d084824f1965ba116260e99771ba59045674dee662511bd6cf808,d4eb21b5902d084824f1965ba116260e99771ba59045674dee662511bd6cf808
configs/context_intelligence_registry.json,UNCHANGED,8f9b7cbd0de5b9ec32e5f68802da1d548c68bd5117778fd6553ce1c08408cfb6,8f9b7cbd0de5b9ec32e5f68802da1d548c68bd5117778fd6553ce1c08408cfb6
configs/entity_registry.json,UNCHANGED,66f4c69f830e34c23745b42bbcbc98b482bf141c3cb8a0e49bfd32c7fc99c647,66f4c69f830e34c23745b42bbcbc98b482bf141c3cb8a0e49bfd32c7fc99c647
configs/feature_lifecycle_registry.json,UNCHANGED,66b7549d373507277498bb945ae9923704d7097f14a36240fac3d331fcb1a943,66b7549d373507277498bb945ae9923704d7097f14a36240fac3d331fcb1a943
configs/hydration_manifest.json,MODIFIED,eb9a44fe1934344ef84d522fb07eb045187711ad9ac097fee2f08a035221c6bc,7793989e35ec8204b549ca9ce4c4ba339a7119d34f87b784d0247b1e4d264872
configs/implementation_plan.json,MODIFIED,3f89ca4e177126505f46641471c4cb682ca687adf2b984ff2c8c860b4888584c,326f23b3159e350ffd8725cbe0032a00e2175d12c082030b61468f4275a1a018
configs/model_architecture_registry.json,UNCHANGED,635228c63cf38a044b3b6fa8a6779aed2c577ebd2f492b9b45d0e0f1727fb820,635228c63cf38a044b3b6fa8a6779aed2c577ebd2f492b9b45d0e0f1727fb820
configs/player_intelligence_registry.json,UNCHANGED,7ef331f15d8e341e823be1089d5f136fa8c00dbbdccf70d164002146c9e89a22,7ef331f15d8e341e823be1089d5f136fa8c00dbbdccf70d164002146c9e89a22
configs/raw_feature_registry.json,UNCHANGED,2e88c24bff06accc1231aad953e9657f7a52158983de4cf24586a95b16c44f69,2e88c24bff06accc1231aad953e9657f7a52158983de4cf24586a95b16c44f69
configs/repository_policy.json,UNCHANGED,4e46a40ce4fe6d1bc8faa049c5f74aad5db1fe01eb0be2b431b9d25b41132839,4e46a40ce4fe6d1bc8faa049c5f74aad5db1fe01eb0be2b431b9d25b41132839
configs/tamu_specialization_registry.json,UNCHANGED,f30bc0fa6c9f939cac8327cfc8e00120ee8ffacef6fdc10c6934e20f67038d48,f30bc0fa6c9f939cac8327cfc8e00120ee8ffacef6fdc10c6934e20f67038d48
configs/team_state_registry.json,UNCHANGED,5342e3ba89afa2d0bca57acdc7c75239d7ba7b0b26bf2a306161531015fc7975,5342e3ba89afa2d0bca57acdc7c75239d7ba7b0b26bf2a306161531015fc7975
configs/temporal_registry.json,UNCHANGED,0319642bfaef5000535227d30bce3a6654e38e8df82a57cce4e7803ffe36eb6b,0319642bfaef5000535227d30bce3a6654e38e8df82a57cce4e7803ffe36eb6b
configs/validation_science_registry.json,ADDED,,b9a01439c457232102b3d0f24f599a6cf852c712122574a64fb91c87d7c33c21
data/README.md,UNCHANGED,00ac41f052e61b9868a179def34bccfac8df9b3227b90dcafa2c2abdb21c52d9,00ac41f052e61b9868a179def34bccfac8df9b3227b90dcafa2c2abdb21c52d9
docs/00_PROJECT_CHARTER.md,UNCHANGED,6ba75c6cecc607bc43adf7ec90f8596064f2146c48b32df586b53d4975e9a152,6ba75c6cecc607bc43adf7ec90f8596064f2146c48b32df586b53d4975e9a152
docs/00_TERMINOLOGY.md,UNCHANGED,3b4874ca3e0dba4f188b717ff75b70a7f47709a7667f45658b28098ff6db0bc2,3b4874ca3e0dba4f188b717ff75b70a7f47709a7667f45658b28098ff6db0bc2
docs/01_ARCHITECTURE.md,UNCHANGED,a6f53bb36f185be5000a833dfb4caf5a99432f37575cd6d9908eb16e7f0c9381,a6f53bb36f185be5000a833dfb4caf5a99432f37575cd6d9908eb16e7f0c9381
docs/01_SOURCE_SYNTHESIS.md,UNCHANGED,4bc8cde084797a3315bae218ebce6ea84218774235fed53cca2d8526f289dd63,4bc8cde084797a3315bae218ebce6ea84218774235fed53cca2d8526f289dd63
docs/02_RECONNAISSANCE_FINDINGS_INDEX.md,UNCHANGED,08c1553df1a1b82e2c0f770e750c94b9e1b9f4fd1accc160bb73bc0a25e61be1,08c1553df1a1b82e2c0f770e750c94b9e1b9f4fd1accc160bb73bc0a25e61be1
docs/03_REQUIREMENTS_BASELINE.md,UNCHANGED,bfa3f9965178fb579a1c1991e015db532f8bc8d289b697077f5038e5b913c92f,bfa3f9965178fb579a1c1991e015db532f8bc8d289b697077f5038e5b913c92f
docs/04_REPOSITORY_OPERATIONS.md,UNCHANGED,2caf76a8a85592adf1fea83b4aff6867b622d25ff2975af555eeb1a6a8146868,2caf76a8a85592adf1fea83b4aff6867b622d25ff2975af555eeb1a6a8146868
docs/05_LOCAL_WINDOWS_SETUP.md,UNCHANGED,34d6b5c81b35ab1967e5d2a061eab604f597d53ca1eebf4df6eb3f33dcba5c80,34d6b5c81b35ab1967e5d2a061eab604f597d53ca1eebf4df6eb3f33dcba5c80
docs/06_GITHUB_CODEX_WORKFLOW.md,UNCHANGED,3ff557c129c061fb1be7a26a42b17c3ea31b00e4ab35a4d59cbaec030a6fe8da,3ff557c129c061fb1be7a26a42b17c3ea31b00e4ab35a4d59cbaec030a6fe8da
docs/07_PACKAGING_INTEGRITY.md,UNCHANGED,25e08209e76a304e2fae09835b90fa5741f506856d84747df066485e0c4c04b2,25e08209e76a304e2fae09835b90fa5741f506856d84747df066485e0c4c04b2
docs/08_REQUIREMENTS_AND_ACCEPTANCE_ARCHITECTURE.md,UNCHANGED,9cbad42b6035b8aeb421bb38dd4e0e99055574d590348da0a1db2fae95ac0043,9cbad42b6035b8aeb421bb38dd4e0e99055574d590348da0a1db2fae95ac0043
docs/09_SECURITY_REPRODUCIBILITY_PERFORMANCE_GOVERNANCE.md,UNCHANGED,42b76936922ee5095954b39cc0805f88113f4040793fc3e70d6c05fcfbd70742,42b76936922ee5095954b39cc0805f88113f4040793fc3e70d6c05fcfbd70742
docs/10_IMPLEMENTATION_MASTER_PLAN.md,UNCHANGED,0a66613bfa4056b47ddc560c96d4d039cf07c5d42945c795f5c04c4ba808bcb6,0a66613bfa4056b47ddc560c96d4d039cf07c5d42945c795f5c04c4ba808bcb6
docs/11_CODEX_EXECUTION_STRATEGY.md,UNCHANGED,045cb173be633f17964842ccbda6da5f6e6dbc244c0473df08be92dc05175cca,045cb173be633f17964842ccbda6da5f6e6dbc244c0473df08be92dc05175cca
docs/12_SHARED_CONTRACT_AND_WORKTREE_STRATEGY.md,UNCHANGED,3649169c14020b0976cf10f24936e453b18cff37ff3837ae1aa8bb449f73f3ea,3649169c14020b0976cf10f24936e453b18cff37ff3837ae1aa8bb449f73f3ea
docs/13_IMPLEMENTATION_EVIDENCE_GATES.md,UNCHANGED,cff0f23c88c74b78a9e2c300f5aa1928fdc83fb7cd946522c2041c67031bb5ec,cff0f23c88c74b78a9e2c300f5aa1928fdc83fb7cd946522c2041c67031bb5ec
docs/14_CANONICAL_ENTITY_ARCHITECTURE.md,UNCHANGED,44e0f776dbbb6d8e31f307fac37683fe8c86528c7c353c7e4d10220e4fedb595,44e0f776dbbb6d8e31f307fac37683fe8c86528c7c353c7e4d10220e4fedb595
docs/15_SOURCE_MAPPING_AND_EVIDENCE_IDENTITY.md,UNCHANGED,9fbf23d76009407c25ac28070668325e1df0739d655ccfc5d90ef5f53e9de71d,9fbf23d76009407c25ac28070668325e1df0739d655ccfc5d90ef5f53e9de71d
docs/16_ENTITY_RESOLUTION_AND_REVIEW.md,UNCHANGED,b9b4845be3f8fa2adcd4348c25e1a3d37dd0ca30bdb974c5e980e01584f0c08f,b9b4845be3f8fa2adcd4348c25e1a3d37dd0ca30bdb974c5e980e01584f0c08f
docs/17_ENTITY_STORAGE_EVALUATION.md,UNCHANGED,258a85bef9f21de348ad81736158f7c6dbfd7066fe9ff45769b6239f10a1a860,258a85bef9f21de348ad81736158f7c6dbfd7066fe9ff45769b6239f10a1a860
docs/18_POINT_IN_TIME_DATA_ARCHITECTURE.md,UNCHANGED,c1bde8d7eee342d75908fa18330edcff814c7d84327a29d78ab4da47363750fe,c1bde8d7eee342d75908fa18330edcff814c7d84327a29d78ab4da47363750fe
docs/19_ASOF_QUERY_AND_CUTOFF_CONTRACT.md,UNCHANGED,5b94506cd458825048a1e74a443d683cc056a37d2f3d19c4ddc479709f77940d,5b94506cd458825048a1e74a443d683cc056a37d2f3d19c4ddc479709f77940d
docs/20_MUTABLE_DOMAIN_SNAPSHOT_POLICIES.md,UNCHANGED,d8f6cd0c2d6994cb7d4293da0d70021820777b4a12bc30451266e5cb9b08b1ee,d8f6cd0c2d6994cb7d4293da0d70021820777b4a12bc30451266e5cb9b08b1ee
docs/21_LEAKAGE_AND_REPLAY_TEST_SPEC.md,UNCHANGED,a21ebe22ad0a2663d1281258c48dda9d127d75656009573323a9316d2a3eb508,a21ebe22ad0a2663d1281258c48dda9d127d75656009573323a9316d2a3eb508
docs/22_RAW_FEATURE_REGISTRY_ARCHITECTURE.md,UNCHANGED,b45a118fc0da6f90747c821f185a00fa49d9bae1927a3e7e80e53000e9910ad7,b45a118fc0da6f90747c821f185a00fa49d9bae1927a3e7e80e53000e9910ad7
docs/23_SCHEMA_DISCOVERY_AND_RECONCILIATION.md,UNCHANGED,5a2fe37b22a3ac99e8157349066031ff35a867663affd2026a878cb307c1ece8,5a2fe37b22a3ac99e8157349066031ff35a867663affd2026a878cb307c1ece8
docs/24_RAW_FIELD_TO_CANDIDATE_HANDOFF.md,UNCHANGED,103c57900477460d8bc9c6a4ef4bbcd658a5d3ee2d9d2a3cdd8c8ab74bec274c,103c57900477460d8bc9c6a4ef4bbcd658a5d3ee2d9d2a3cdd8c8ab74bec274c
docs/25_FEATURE_ENGINEERING_ARCHITECTURE.md,UNCHANGED,bb484a2ff370389fef538c4e571e4200e10022a6a059a90799292e203a9de757,bb484a2ff370389fef538c4e571e4200e10022a6a059a90799292e203a9de757
docs/26_FEATURE_SCREENING_AND_SELECTION.md,UNCHANGED,b4b7c8f9223be05e116981cf5e6d8edca03f2b2294c0694bfd32088f949bca86,b4b7c8f9223be05e116981cf5e6d8edca03f2b2294c0694bfd32088f949bca86
docs/27_FEATURE_LIFECYCLE_GOVERNANCE.md,UNCHANGED,05c31feafeea7702a4714860ea1f853f23d9f61aa022e94f74ece3276564972c,05c31feafeea7702a4714860ea1f853f23d9f61aa022e94f74ece3276564972c
docs/28_FEATURE_ABLATION_AND_STABILITY.md,UNCHANGED,8703e0580e45289f7796bce2adadfedf5575034d0ef60fb35d40c43a324d8698,8703e0580e45289f7796bce2adadfedf5575034d0ef60fb35d40c43a324d8698
docs/29_COACHING_INTELLIGENCE_ARCHITECTURE.md,UNCHANGED,34f1738f58366efc3e6e2feea431399bfa1a8a1735d3f24c1084a81a5c790150,34f1738f58366efc3e6e2feea431399bfa1a8a1735d3f24c1084a81a5c790150
docs/29_TEAM_STATE_ARCHITECTURE.md,UNCHANGED,8ab42b7f390655052e19b0dc72947b2f26690f31f199fd8cf3fa99bfb38b0bba,8ab42b7f390655052e19b0dc72947b2f26690f31f199fd8cf3fa99bfb38b0bba
docs/30_EARLY_SEASON_PRIORS_AND_BLENDING.md,UNCHANGED,b9393b5bda8e705c1980245700e9fcf6f3bd184e6692afc3bb6f4627c5585a35,b9393b5bda8e705c1980245700e9fcf6f3bd184e6692afc3bb6f4627c5585a35
docs/30_ENVIRONMENT_RESOURCE_CONTEXT_ARCHITECTURE.md,UNCHANGED,ffef412c1d3ef4e6ce65bf8f09b6bff5a50aebbe1ed42d8123086bfbe878f44e,ffef412c1d3ef4e6ce65bf8f09b6bff5a50aebbe1ed42d8123086bfbe878f44e
docs/31_HISTORICAL_WEIGHTING_AND_REGIME.md,UNCHANGED,96a689987ca717cfd7af013777c681adbd83397ba1b42822c8a44a616de66c67,96a689987ca717cfd7af013777c681adbd83397ba1b42822c8a44a616de66c67
docs/31_REGULATORY_ENVIRONMENT_ARCHITECTURE.md,UNCHANGED,f51f19e341b4282ec8dacd74f892cd8b00edbfc07e266c5a865a3dce8b068c08,f51f19e341b4282ec8dacd74f892cd8b00edbfc07e266c5a865a3dce8b068c08
docs/32_GAME_MECHANICS_ARCHITECTURE.md,UNCHANGED,c12aa1cce4bdc5560425648638894c7964a4451512cd8cbf5a0241359d956c37,c12aa1cce4bdc5560425648638894c7964a4451512cd8cbf5a0241359d956c37
docs/32_LOWER_DIVISION_STRENGTH_AND_UNCERTAINTY.md,UNCHANGED,206f1ca5aef2ce2b2f3e6d4a17c8703dcfca9ae781f43b808c3a0a69327ebed0,206f1ca5aef2ce2b2f3e6d4a17c8703dcfca9ae781f43b808c3a0a69327ebed0
docs/33_OPPONENT_STYLE_SCHEDULE_OFFICIATING.md,UNCHANGED,31e70588f04c5c019512471f60cc0701a69425833ec357c1c4078bb9a5228d37,31e70588f04c5c019512471f60cc0701a69425833ec357c1c4078bb9a5228d37
docs/33_TEAM_STATE_COMPARISON_AND_GATE.md,UNCHANGED,c3804ea97b25fa644ff52b679af97668d87e11ec6694eca348894b4133e18a35,c3804ea97b25fa644ff52b679af97668d87e11ec6694eca348894b4133e18a35
docs/34_PLAYER_ROSTER_DEPTH_ARCHITECTURE.md,UNCHANGED,81f740dd0d7fd17dc1050d147b2c2bea909c7c07a62eaa661517c82d7a462b54,81f740dd0d7fd17dc1050d147b2c2bea909c7c07a62eaa661517c82d7a462b54
docs/34_W13_EXPERIMENT_BOUNDARIES.md,UNCHANGED,be35187b0d886e6780ff0e0fd3ac8b277d502dab6d06d32854adfb25d154ff3a,be35187b0d886e6780ff0e0fd3ac8b277d502dab6d06d32854adfb25d154ff3a
docs/35_PLAYER_VALUE_REPLACEMENT_AND_AVAILABILITY.md,UNCHANGED,b31df121dc75f3bf1a5d7d4912f090240f6e5e52a0aefe3bd6eb6cdcf65b5dac,b31df121dc75f3bf1a5d7d4912f090240f6e5e52a0aefe3bd6eb6cdcf65b5dac
docs/35_W13_TO_W14_HANDOFF.md,UNCHANGED,af2cd0f93eafee70cdebb333d15741547c7bd9e3c6f2d98d2c800eca0cabc5ab,af2cd0f93eafee70cdebb333d15741547c7bd9e3c6f2d98d2c800eca0cabc5ab
docs/36_AVAILABILITY_EVIDENCE_AND_OFFICIAL_REPORTS.md,UNCHANGED,2837c318b5afa052ecfbdc0804c14254007058c331e7dbc9116d8d059a59945e,2837c318b5afa052ecfbdc0804c14254007058c331e7dbc9116d8d059a59945e
docs/37_RECRUITING_TRANSFER_AND_FRESHMAN_INTELLIGENCE.md,UNCHANGED,37af6220d726b9cb4667d2535dd44fd6282955dd734375025035653e1e05feb2,37af6220d726b9cb4667d2535dd44fd6282955dd734375025035653e1e05feb2
docs/38_PRESEASON_HONORS_AND_DRAFT_DEVELOPMENT.md,UNCHANGED,aefc24da060abbdd419ccac730d1f005f4517e592a3df607c95ec93409ef7e32,aefc24da060abbdd419ccac730d1f005f4517e592a3df607c95ec93409ef7e32
docs/39_PLAYER_INTELLIGENCE_GATE_AND_HANDOFF.md,UNCHANGED,00d7357136935a00beb3231968ced35bf0913b22f9eb2640f12971f872832f7a,00d7357136935a00beb3231968ced35bf0913b22f9eb2640f12971f872832f7a
docs/40_TEXAS_AM_SPECIALIZATION_ARCHITECTURE.md,UNCHANGED,c8a8aff2a83d4272fbe860eb67913788580124cf674d6155bb72d7780cbf0718,c8a8aff2a83d4272fbe860eb67913788580124cf674d6155bb72d7780cbf0718
docs/41_TAMU_HIGH_RESOLUTION_STATE.md,UNCHANGED,26f144da14356dc18a6db41056dad517b1a2c7b17dbc92f772c79317ffd7d373,26f144da14356dc18a6db41056dad517b1a2c7b17dbc92f772c79317ffd7d373
docs/42_TAMU_PEERS_ANALOGS_AND_SNAPSHOTS.md,UNCHANGED,3b4e0ba68f742b539499646b0f18ba6518ac5015d9a35d83623e8c7b2c491aab,3b4e0ba68f742b539499646b0f18ba6518ac5015d9a35d83623e8c7b2c491aab
docs/43_TAMU_SPECIALIZATION_CANDIDATES_AND_OVERFIT_GUARDS.md,UNCHANGED,3e46e6ced0fe09fe6c1a8a747ac0b9d83cf308b0c054f9dcbda5ebe8e99b8816,3e46e6ced0fe09fe6c1a8a747ac0b9d83cf308b0c054f9dcbda5ebe8e99b8816
docs/44_W14_TO_W15_HANDOFF.md,UNCHANGED,3d370d69e58fa0905d747b715a5d06b15d891e65abe05cbdbb8de8a91db29272,3d370d69e58fa0905d747b715a5d06b15d891e65abe05cbdbb8de8a91db29272
docs/45_SCIENTIFIC_BAS_SPECIFICATION.md,UNCHANGED,5686b9fc38c62ce089e0e2b277356d32101b6de1593f334bbf95dc3518f73065,5686b9fc38c62ce089e0e2b277356d32101b6de1593f334bbf95dc3518f73065
docs/46_BAS_CROSSFIT_LABELING_AND_ANTI_CIRCULARITY.md,UNCHANGED,3e5ccf7426247265a0549806ffa879d812f71745123689e9aa2807e3e4857d0e,3e5ccf7426247265a0549806ffa879d812f71745123689e9aa2807e3e4857d0e
docs/47_BAS_GENERAL_FBS_AGGIE_EXCESS_AND_PEERS.md,UNCHANGED,9e00d6badf24665d5fbb668e16b9921604cbb96225a20810b75bcdbd6dbfc624,9e00d6badf24665d5fbb668e16b9921604cbb96225a20810b75bcdbd6dbfc624
docs/48_BAS_COMPONENTS_REGIME_STABILITY_AND_CALIBRATION.md,UNCHANGED,b0326bac2afe72c6b97abc8fc487343fbfd8d87c802de852664deb32234b7323,b0326bac2afe72c6b97abc8fc487343fbfd8d87c802de852664deb32234b7323
docs/49_W15_EXPERIMENT_BOUNDARIES.md,UNCHANGED,7105d948bd16c7f92f7ce8af985d8e53e175a542d1430efca214cdc42a88b2ed,7105d948bd16c7f92f7ce8af985d8e53e175a542d1430efca214cdc42a88b2ed
docs/50_W15_TO_W16_HANDOFF.md,UNCHANGED,3f54d7387a78c3da1768ec3ca572268ae2287c7a1ddd0af0c199b816065a2635,3f54d7387a78c3da1768ec3ca572268ae2287c7a1ddd0af0c199b816065a2635
docs/51_MODEL_TARGETS_AND_OUTPUT_COHERENCE.md,UNCHANGED,0a9ef5d0cc74649cb829719c389f4d9941d40bd4b9eab83870c931b3a16d861d,0a9ef5d0cc74649cb829719c389f4d9941d40bd4b9eab83870c931b3a16d861d
docs/52_MODEL_ARCHITECTURE_CANDIDATES.md,UNCHANGED,99be1aaa01490817a06f76e778fb6d098b8fdf6e3a596ee1a453bc85d0402925,99be1aaa01490817a06f76e778fb6d098b8fdf6e3a596ee1a453bc85d0402925
docs/53_JOINT_SCORE_AND_SIMULATION.md,UNCHANGED,8d76729ed1b772b0861568309948ca4e7c713940c460dfe5ac1d13fadf987fde,8d76729ed1b772b0861568309948ca4e7c713940c460dfe5ac1d13fadf987fde
docs/54_UNCERTAINTY_OOD_AND_MARKET_LANES.md,UNCHANGED,98e0478a2eb1e611ba2de6145bea6bbb96f4e46e952663b418096f6fd57fc305,98e0478a2eb1e611ba2de6145bea6bbb96f4e46e952663b418096f6fd57fc305
docs/55_W16_EXPERIMENT_BOUNDARIES_AND_W17_HANDOFF.md,UNCHANGED,faaf29e1f32aa6f512adf6cf8869a578a9353ac4e6d3388cfcd908d443e076b2,faaf29e1f32aa6f512adf6cf8869a578a9353ac4e6d3388cfcd908d443e076b2
docs/56_VALIDATION_AND_PROTECTED_SPLITS.md,ADDED,,c868b8d962482fca305db33d230d4338d32f1de6282476829eb62afc06bb3bf2
docs/57_SCORING_CALIBRATION_AND_SCORECARDS.md,ADDED,,17fc5e920fd0879788ce41b7222083730af8491f53580831425be8c0c6b8a1fd
docs/58_MODEL_PROMOTION_AND_THRESHOLD_PRECOMMITMENT.md,ADDED,,2e53f84fb0398a7fc9870e4d890a0f28346843e6467433dfb11cce564d3deff1
docs/59_BAS_TAMU_UNCERTAINTY_MARKET_EVALUATION.md,ADDED,,057f643e092b467d666c0a0eb1d98c2b51a08822bf19aedbac406cfd1a0c487b
docs/60_W17_EXPERIMENT_BOUNDARIES_AND_W18_HANDOFF.md,ADDED,,15eab56b2ed0131eb72a8b6c70832a4f73048fb581be612f12d349e7e2eaa28b
docs/architecture/DATAFLOW_AND_STORAGE.md,UNCHANGED,4af509a9e4c0402f7bc3333078d35978a7c743b11ebeef5905bf3fcf66ff99e9,4af509a9e4c0402f7bc3333078d35978a7c743b11ebeef5905bf3fcf66ff99e9
docs/architecture/DEPLOYMENT_AND_EXECUTION_LANES.md,UNCHANGED,373bbae28fb40c4d24015d7a1d4b1c4107ecbfb59533ef0860f289b07d4e321c,373bbae28fb40c4d24015d7a1d4b1c4107ecbfb59533ef0860f289b07d4e321c
docs/architecture/INTERFACE_CONTRACTS.md,UNCHANGED,60671d5c6b7ea7e3202d6f91300bcba75973078bad75e2f771011dd0d25eda5b,60671d5c6b7ea7e3202d6f91300bcba75973078bad75e2f771011dd0d25eda5b
docs/architecture/MODEL_LAYERS.md,UNCHANGED,e0ffb855fb0ef66e9479348712fec5392421caf78f41da35abe3b1beacd119b0,e0ffb855fb0ef66e9479348712fec5392421caf78f41da35abe3b1beacd119b0
docs/architecture/NATIONAL_TAMU_INTERFACE.md,UNCHANGED,c409e537167e830cc9c7e455a325c52efcab06bd164d4b074252207b957730fa,c409e537167e830cc9c7e455a325c52efcab06bd164d4b074252207b957730fa
docs/architecture/PREDICTION_PIPELINE.md,UNCHANGED,58fa7e399dbdcf0483f3ec42e3b0d51c5072c3e29829300667f716f033adc4c2,58fa7e399dbdcf0483f3ec42e3b0d51c5072c3e29829300667f716f033adc4c2
docs/architecture/RESEARCH_AND_LLM_PLANE.md,UNCHANGED,17511efb815e063fd881ab4dce5a841ae3cfc71aec1e3594be26536a8bb2c294,17511efb815e063fd881ab4dce5a841ae3cfc71aec1e3594be26536a8bb2c294
docs/architecture/SYSTEM_BOUNDARIES.md,UNCHANGED,db74bcff43a0ec8dba4bcc94d2fae12b8285a328139ae4c5fbadc4e222a461b4,db74bcff43a0ec8dba4bcc94d2fae12b8285a328139ae4c5fbadc4e222a461b4
docs/context/ACCEPTANCE_CONTEXT.md,UNCHANGED,96e6f209115fa169f2c86044eb303b933e6458a2a92c32f497bc615dbb969840,96e6f209115fa169f2c86044eb303b933e6458a2a92c32f497bc615dbb969840
docs/context/ADAPTIVE_ARCHITECTURE_CONTEXT.md,MODIFIED,74fa7d351cf14cb8ed5491ba1624149d4a6a09fc504719ca2465921b86ac173d,1c2a980dc24f71d3cba9c461fb2b56d9e6325679eafb0344c0c2e21254372b9c
docs/context/AUTONOMY_MLOPS_CONTEXT.md,MODIFIED,d9ba8f7b2bad68405b8ba9b6daf76ece18f54e4ab060cd6cba81c3540674c047,921f6af3d0b54629974df3638bd99f9e80fe5cd1fac5a95ea99100d63464cc55
docs/context/BAS_CONTEXT.md,MODIFIED,8f544e16bfa7641f2de3a2f9d6cdd6d259a36c8c2f19231d933ac19d32a3d450,66b99db2029d6409cd22cbee33754af1e5b7e2c1159f4c30bb638012d46c2ebe
docs/context/CONTEXT_INTELLIGENCE_CONTEXT.md,UNCHANGED,86e5c90bcca7b7aaafbea3bbc79b343afda8fdec37185d56f8d72a6679a7e59f,86e5c90bcca7b7aaafbea3bbc79b343afda8fdec37185d56f8d72a6679a7e59f
docs/context/CURRENT_RESEARCH_FINDINGS.md,MODIFIED,1d12c14af88d57419d8500431c27d995e28e747c48eb7bb2cfcdb5504350e20a,e7fd276d2ef54ee1e6763d2451179f9746f1c46da2086b74ab5805793ed4a1ab
docs/context/DATA_CONTEXT.md,UNCHANGED,9ca9c678fc3757046d2207126845779baade9a96102bc9835bdaeb0a820537ec,9ca9c678fc3757046d2207126845779baade9a96102bc9835bdaeb0a820537ec
docs/context/ENTITY_CONTEXT.md,UNCHANGED,1f70222c7b1f4c245ec82fa4b10ea0a11c12524adb5d17c1c1535164f8034550,1f70222c7b1f4c245ec82fa4b10ea0a11c12524adb5d17c1c1535164f8034550
docs/context/FEATURE_LIFECYCLE_CONTEXT.md,UNCHANGED,6b1f5d81bb3d3caacf1c8b4a233989b23a117393e19d00017c6aec8964100ab4,6b1f5d81bb3d3caacf1c8b4a233989b23a117393e19d00017c6aec8964100ab4
docs/context/FEATURE_REGISTRY_CONTEXT.md,UNCHANGED,4887e3632b8590387ca4f75741fdfea7e89ff34422e379461078811ad8bee1fa,4887e3632b8590387ca4f75741fdfea7e89ff34422e379461078811ad8bee1fa
docs/context/IMPLEMENTATION_CONTEXT.md,UNCHANGED,84e7a3bb14d015e303e2892c3b05ef41a1eb17b59e81f7b1467ac26d4ff71cad,84e7a3bb14d015e303e2892c3b05ef41a1eb17b59e81f7b1467ac26d4ff71cad
docs/context/MODELING_CONTEXT.md,MODIFIED,4b4deceb8a9c0b4ab1c69715b5e528fbba520ee54cde9cab378b71f455371bf4,2360e8f1cc26d482c175dcb24797ccea95097871bf582b641779cb3030ed796b
docs/context/PLAYER_INTELLIGENCE_CONTEXT.md,UNCHANGED,2a67fa546b22ea23d6b1d67f3702fbdccc91a700576856a927d6cdc2d1f9819d,2a67fa546b22ea23d6b1d67f3702fbdccc91a700576856a927d6cdc2d1f9819d
docs/context/TAMU_SPECIALIZATION_CONTEXT.md,MODIFIED,9812160e05bd642f72cde11c8ee707b20b24584b8607208dff6336e29c0dc433,fb07aff3a1231e9958a0847d2168c3f137b7923e0b029d36115b0e4f56fa54d1
docs/context/TEAM_STATE_CONTEXT.md,UNCHANGED,f4e4a7c0ec5ab890ac09ddd498a2c6491ed7808da2bc2d2cc9079f6cb774279d,f4e4a7c0ec5ab890ac09ddd498a2c6491ed7808da2bc2d2cc9079f6cb774279d
docs/context/TEMPORAL_CONTEXT.md,UNCHANGED,32d99170dba6c0918d6384ba71407acd94d06919cd7cc92385be18be0b9bb5ea,32d99170dba6c0918d6384ba71407acd94d06919cd7cc92385be18be0b9bb5ea
docs/context/UNRESOLVED_DATA_CONTEXT.md,UNCHANGED,1bd0101afc1d14dc3f69735112334f565ae7660091220889ec0a9d1b5bcb8d32,1bd0101afc1d14dc3f69735112334f565ae7660091220889ec0a9d1b5bcb8d32
docs/data_research/w06/DATASET_ENDPOINT_COLUMN_INVENTORY.csv,UNCHANGED,9b267279c2541dfa3c135b83d50cedf6b02afb553c1a32a15b7bd8db70791e21,9b267279c2541dfa3c135b83d50cedf6b02afb553c1a32a15b7bd8db70791e21
docs/data_research/w06/DATA_ACQUISITION_PLAN.md,UNCHANGED,a658fa6a6aa448448671095be0e23b500c74088544ff11efa4782fc96466c4df,a658fa6a6aa448448671095be0e23b500c74088544ff11efa4782fc96466c4df
docs/data_research/w06/DATA_DOMAIN_COVERAGE_MATRIX.csv,UNCHANGED,a99b14e27391fe2577e152cf3390e4cfb83b592f1a29b6f8022c07fcf1b9bd7d,a99b14e27391fe2577e152cf3390e4cfb83b592f1a29b6f8022c07fcf1b9bd7d
docs/data_research/w06/DATA_MISSINGNESS_STRATEGY.md,UNCHANGED,2097ab4b02aa017981846921e60f8a9b099a2adee95af305f4e11a0cf04287a2,2097ab4b02aa017981846921e60f8a9b099a2adee95af305f4e11a0cf04287a2
docs/data_research/w06/DATA_RESEARCH_FINDINGS.md,UNCHANGED,25eebe79c0dafd3c26c7f66ffc04dbc5ca52ddb7e67e3ef7a617e69df7c8d832,25eebe79c0dafd3c26c7f66ffc04dbc5ca52ddb7e67e3ef7a617e69df7c8d832
docs/data_research/w06/DATA_RESEARCH_METHOD.md,UNCHANGED,bdf6753947afd9f385d928d0493e3f1954ce26f055cce39fffc4b86ac426eba2,bdf6753947afd9f385d928d0493e3f1954ce26f055cce39fffc4b86ac426eba2
docs/data_research/w06/DATA_SOURCE_RISK_REGISTER.csv,UNCHANGED,2831f88c2b456489a210f5f465bc84192b4fbaa39e154f4934879f8db4bfff83,2831f88c2b456489a210f5f465bc84192b4fbaa39e154f4934879f8db4bfff83
docs/data_research/w06/DATA_UNIVERSE_MASTER.csv,UNCHANGED,fe840803e0c29ac7eca712dfd10f5c775dd61c0d2a1efc5b0791a93c6425f46a,fe840803e0c29ac7eca712dfd10f5c775dd61c0d2a1efc5b0791a93c6425f46a
docs/data_research/w06/POINT_IN_TIME_FEASIBILITY_MATRIX.csv,UNCHANGED,796a549707fffe7621a065ba817435aaa259f9615649163a44504868cb62ca78,796a549707fffe7621a065ba817435aaa259f9615649163a44504868cb62ca78
docs/data_research/w06/RESEARCH_EVIDENCE_INDEX.csv,UNCHANGED,dc2a80b14f0bc22ab2ec60687a15e74608f64e8b1c7ee9a86f8e7eac73f37137,dc2a80b14f0bc22ab2ec60687a15e74608f64e8b1c7ee9a86f8e7eac73f37137
docs/data_research/w06/SOURCE_ACCESS_LICENSE_MATRIX.csv,UNCHANGED,1f3f2403743cf308910e4bfbc3508198489757bee1edf086e67d8c3f3f4b2752,1f3f2403743cf308910e4bfbc3508198489757bee1edf086e67d8c3f3f4b2752
docs/data_research/w06/SOURCE_PRIORITY_DECISIONS.md,UNCHANGED,8f13dc956eee85129148e5390c018d1b4ca85fdf5c96f8a1f4751d49edc13650,8f13dc956eee85129148e5390c018d1b4ca85fdf5c96f8a1f4751d49edc13650
docs/data_research/w06/SOURCE_REDUNDANCY_MAP.csv,UNCHANGED,1757f8332994aa38358315b1bd24bd82829f60300bf51aea7bacc9e798b56c20,1757f8332994aa38358315b1bd24bd82829f60300bf51aea7bacc9e798b56c20
docs/data_research/w06/SOURCE_RESEARCH_LOG.csv,UNCHANGED,85feade679f2233f4df255b5caef9ef1a59082c71beb506300438ccf0e75f91a,85feade679f2233f4df255b5caef9ef1a59082c71beb506300438ccf0e75f91a
docs/data_research/w06/WAVE_06_ARCHITECTURE_IMPACT.md,UNCHANGED,ba7dc1003d3286e9cc6776de93a463d757921d9e885c07fae1608641af7fddcf,ba7dc1003d3286e9cc6776de93a463d757921d9e885c07fae1608641af7fddcf
fixtures/bas/synthetic_bas_cases.json,UNCHANGED,00413c96c36edd7c6140bc259b6653a2ea0f3ddc7199905181e9b462bea5dce2,00413c96c36edd7c6140bc259b6653a2ea0f3ddc7199905181e9b462bea5dce2
fixtures/pit/leakage_cases.json,UNCHANGED,ad4e4300988c6ffdfd54112513a862a334152025f8ef0c22316951ac49fcb140,ad4e4300988c6ffdfd54112513a862a334152025f8ef0c22316951ac49fcb140
fixtures/pit/observations.json,UNCHANGED,7785a076cbf90f760e685335a9005aebd385200de990d9ddaff37e4d52ee11f6,7785a076cbf90f760e685335a9005aebd385200de990d9ddaff37e4d52ee11f6
governance/ACCEPTANCE_CONTROL_CATALOG.csv,MODIFIED,30880b11353c0af2c935e2ae8624d1d78723c55bb64245601f857481fa4fea1b,74b856a31f8e2e51d95f7f6d75ecfdb294bcfced4d07723b4d3900aece5b0d36
governance/ACCEPTANCE_STATUS.json,MODIFIED,d4a2ee7152bb28b20faadeef4cda42f00b6b2900a92b1f734c25312cabe856b4,54101c6190ad3b5a2037e0f2671479faacc59f6035071fbbc96996c81895f25a
governance/ACCEPTANCE_TASK_TRACEABILITY.csv,MODIFIED,7fb680f50fea66055df753943d8ff1b05da6ad8c786298b4ee9444b84e1b95b3,ae330d3a5adb299143e0463a854b3578ae6b4d4aa0cb74e05f406aa3e7f9354a
governance/ACCEPTANCE_THRESHOLD_REGISTRY.csv,MODIFIED,810ec47f18ba79251a05712eae898200e57ced057150e0eaae56f894f4a67b31,e6a642f661b830ff5ee7379442bc8b02b6956ed78586fdb64c137e50dd5ab8d2
governance/ADAPTIVE_CHANGE_LOG.csv,MODIFIED,d674c9940ca9f925923357b10c7c2f2ca645bdda8800bf050fd645e7ea20b382,0b0849033ac282c7ffdfcf492e13115390cb9f6ad73522cda8bf3b6839ba46e4
governance/ADAPTIVE_CHANGE_LOG.md,MODIFIED,f53b16d7e1486df7d597e638834a57a13f87fa25f0280837e977d0502bbb3cba,812112cdc35bc5a06868d2346a8788b3cf1d6a21c27bee6f91d888a1a4e5a062
governance/ADR_ACCEPTANCE_TRACEABILITY.csv,MODIFIED,844dfde4f70ad71ea320d60a72327bd339eaa6c41b83f52c7ed37816e937e735,8325faa2064d6f1910b6a6aae1e450ecb020c05759e20400b8bc722ffb7ea480
governance/ADR_INDEX.csv,MODIFIED,ebece9a290f6a4669e933997cbd30e1c2d5c6a44e1927a1517df58139ca3191b,ce3c2ce98064a89e09d12688b908b6c0f141808673c716ac35bcb5b403773def
governance/ARCHITECTURE_ALTERNATIVES.md,UNCHANGED,397ed824ba5f87fe78efd5a39782c6c18c034910b61642222387727358ff1f61,397ed824ba5f87fe78efd5a39782c6c18c034910b61642222387727358ff1f61
governance/ARCHITECTURE_DECISION_MATRIX.csv,UNCHANGED,98ce0ce5a6008de649c7071638b372513c4a0072d827c8cca143b30fe2f720d6,98ce0ce5a6008de649c7071638b372513c4a0072d827c8cca143b30fe2f720d6
governance/ASSUMPTIONS.csv,UNCHANGED,45df3c07189abf2687823cd8fddbe2ed7d08d3f85488c4d01a97522e63bb4e98,45df3c07189abf2687823cd8fddbe2ed7d08d3f85488c4d01a97522e63bb4e98
governance/ASSUMPTIONS.md,UNCHANGED,786b8a0be8ee679ee0a8b07efc82c65d2c71da56ff81d51f46384434e1bd8d16,786b8a0be8ee679ee0a8b07efc82c65d2c71da56ff81d51f46384434e1bd8d16
governance/ASSUMPTION_CHALLENGE_LOG.csv,UNCHANGED,f64e3df4652bc81f0e595d76a257368b588da4a751510a28535a46a5065f3cfd,f64e3df4652bc81f0e595d76a257368b588da4a751510a28535a46a5065f3cfd
governance/ASSUMPTION_CHALLENGE_LOG.md,UNCHANGED,d326f2fbcbe22305f451d00c220329042a21ca7bb3df8e237e52e13e2d7c4ba9,d326f2fbcbe22305f451d00c220329042a21ca7bb3df8e237e52e13e2d7c4ba9
governance/AVAILABILITY_EVIDENCE_CONFIDENCE.csv,UNCHANGED,8c52a6b4b5f176a8f1d2c15cabb28edfefcd20952048933008b3d56503ae9d6c,8c52a6b4b5f176a8f1d2c15cabb28edfefcd20952048933008b3d56503ae9d6c
governance/AVAILABILITY_SOURCE_LANE.csv,UNCHANGED,eb69ae1e7c133984ef34092016893a0dd0db36fae62282bcf5d6aed4d405c782,eb69ae1e7c133984ef34092016893a0dd0db36fae62282bcf5d6aed4d405c782
governance/AVAILABILITY_STATE_CONTRACT.csv,UNCHANGED,6b89422ac04772928e7d89c137bc6890d3c69354b2d9bfac603ba5d72c110861,6b89422ac04772928e7d89c137bc6890d3c69354b2d9bfac603ba5d72c110861
governance/BASELINE_MODEL_CANDIDATES.csv,UNCHANGED,feafd74125ba85314e275630ac79a591694fe37b8c07d46518be253c3be6b763,feafd74125ba85314e275630ac79a591694fe37b8c07d46518be253c3be6b763
governance/BAS_AGGIE_EXCESS_TEST_PLAN.csv,UNCHANGED,2bc74c0a2423604dc6010feb3aadb8ff693ebbd0b0f8a0b66cbfd47693ebe581,2bc74c0a2423604dc6010feb3aadb8ff693ebbd0b0f8a0b66cbfd47693ebe581
governance/BAS_ANTI_CIRCULARITY_RULES.csv,UNCHANGED,9917d9cbc14abb1cc4388b6ace97995a5b4ad0ee07889ae91a01bb7850e81f71,9917d9cbc14abb1cc4388b6ace97995a5b4ad0ee07889ae91a01bb7850e81f71
governance/BAS_COMPONENT_CANDIDATES.csv,UNCHANGED,8a1fcecef729ec89fb888063a1a521b6cad105899cd60075f25fb6de6593ce42,8a1fcecef729ec89fb888063a1a521b6cad105899cd60075f25fb6de6593ce42
governance/BAS_EVALUATION_PROTOCOL.csv,ADDED,,a1dc53953f127002b31834449c72db84f9d1dd6212606f65c8907c01cbfec240
governance/BAS_EXPECTATION_CROSSFIT_CONTRACTS.csv,UNCHANGED,ddfaff692706a5da16b67a5e86b79b5a7503726496d2f646b8a8f055461df4e9,ddfaff692706a5da16b67a5e86b79b5a7503726496d2f646b8a8f055461df4e9
governance/BAS_GATE_STATUS.csv,UNCHANGED,e523ae88a6c3a99a547a9747613236899a7113f2fd79f8a42c30781702d8f793,e523ae88a6c3a99a547a9747613236899a7113f2fd79f8a42c30781702d8f793
governance/BAS_GENERAL_FBS_BASELINE_CONTRACTS.csv,UNCHANGED,4edc552de80d1060ad726d91327322ee16ae868a5b98d88c0a521a3ec231899d,4edc552de80d1060ad726d91327322ee16ae868a5b98d88c0a521a3ec231899d
governance/BAS_LABEL_CONTRACT.csv,UNCHANGED,6f4e45894805de592aef92794632c6042acaa4fb9c3290566a4ac7b46e4056ff,6f4e45894805de592aef92794632c6042acaa4fb9c3290566a4ac7b46e4056ff
governance/BAS_NULL_RESULT_POLICY.csv,UNCHANGED,1098edd17e0c30ec5e67d38d4b4139415acd63f9d85311134fe2ad1ba7a8c2ba,1098edd17e0c30ec5e67d38d4b4139415acd63f9d85311134fe2ad1ba7a8c2ba
governance/BAS_REGIME_STABILITY_CALIBRATION_PLAN.csv,UNCHANGED,1506aa2d6f2d25873e42012bb5aaaa39383d8d58b680488ca0fd8dab03c330df,1506aa2d6f2d25873e42012bb5aaaa39383d8d58b680488ca0fd8dab03c330df
governance/CANONICAL_ENTITY_CATALOG.csv,UNCHANGED,4066e1b58d8dccde2ecb9481c74ab2d4e4a3e92da48ad6aed4149bd392d479ce,4066e1b58d8dccde2ecb9481c74ab2d4e4a3e92da48ad6aed4149bd392d479ce
governance/CANONICAL_RELATIONSHIP_CATALOG.csv,UNCHANGED,05d2478f87468cc5965cff4a10241f642c96c295c27dae6cbcfd1c6e3c9251d0,05d2478f87468cc5965cff4a10241f642c96c295c27dae6cbcfd1c6e3c9251d0
governance/CHANGE_POINT_CANDIDATES.csv,UNCHANGED,03b1d6503b4082dad01201caec2fb2c7f1b95119c08cc8913074b0dfc902a828,03b1d6503b4082dad01201caec2fb2c7f1b95119c08cc8913074b0dfc902a828
governance/COACHING_INTELLIGENCE_GATE_STATUS.csv,UNCHANGED,80c94684e13897e172263f030b5dbfd57d24b16fb7813e56b60dffae22d23b62,80c94684e13897e172263f030b5dbfd57d24b16fb7813e56b60dffae22d23b62
governance/COACH_CONFOUND_CONTROL_CATALOG.csv,UNCHANGED,2042fe8413144407d02177c749e921551cd5b31658d3f84eec7ebd2715b94bb6,2042fe8413144407d02177c749e921551cd5b31658d3f84eec7ebd2715b94bb6
governance/COACH_DECISION_EVIDENCE_CANDIDATES.csv,UNCHANGED,6c940cc462eeba58ffb97060d0a023befda1e19e9f7657f81aa559ca42ce935b,6c940cc462eeba58ffb97060d0a023befda1e19e9f7657f81aa559ca42ce935b
governance/COACH_DEVELOPMENT_RESIDUAL_CONTRACTS.csv,UNCHANGED,45391aff3e17761770df41e017e340a26aeeffa0e93f29b31e3a98fd57a16fb1,45391aff3e17761770df41e017e340a26aeeffa0e93f29b31e3a98fd57a16fb1
governance/COACH_ROLE_EPISODE_CONTRACTS.csv,UNCHANGED,a2bbb9c9bedc9794e474b857abace831736a610f8cbafc50bb3cb10d16d40e07,a2bbb9c9bedc9794e474b857abace831736a610f8cbafc50bb3cb10d16d40e07
governance/CODEX_WORK_PACKET_QUEUE.csv,UNCHANGED,4502cd81e047e538d0b9c57c94b647b337a71f2c6350d9b3c751d7ab2b2ffb3c,4502cd81e047e538d0b9c57c94b647b337a71f2c6350d9b3c751d7ab2b2ffb3c
governance/CONSTRAINT_CLASSIFICATION.md,UNCHANGED,528eb8940e4c309284c1aed79667ebfdaaee937912a27204a3ecc98096269f53,528eb8940e4c309284c1aed79667ebfdaaee937912a27204a3ecc98096269f53
governance/CONSTRAINT_CLASSIFICATION_AUDIT.csv,UNCHANGED,775b24d49d486437d3d06f2b8d4470cadece9eb09be1b35854f441ca53d9ddfb,775b24d49d486437d3d06f2b8d4470cadece9eb09be1b35854f441ca53d9ddfb
governance/CONTEXT_GATE_STATUS.csv,UNCHANGED,e7575fd6482fba28b94ee25e036db1d512242af5cba9531b19daf4823277150f,e7575fd6482fba28b94ee25e036db1d512242af5cba9531b19daf4823277150f
governance/CRITICAL_PATH.csv,UNCHANGED,a9aba6e76a4f6f188aa3c08fd4d1f66547665e1f5b9eaffeb1ffe4d921efebb3,a9aba6e76a4f6f188aa3c08fd4d1f66547665e1f5b9eaffeb1ffe4d921efebb3
governance/CRITICAL_PATH.md,UNCHANGED,450b2eed9b19e818887f264c630464680b347e579310b203637819233be704fc,450b2eed9b19e818887f264c630464680b347e579310b203637819233be704fc
governance/CURRENT_BACKLOG.yaml,MODIFIED,326b2beb4270673e33318f59997c7f0db1f9d5d0eb9a3bb0d38561dbcd551656,37d4f2e6388676f585a8dc900cd586692af24f77be2537e0e8885b98cb32b36e
governance/CURRENT_STATE.yaml,MODIFIED,a0947bde0d08b392dab5a2b0a31e19713bc1d18eb28fd95352411bcdece28c27,2f048b18131b9b5b8f44ef8f87df01689df6f31d3c3eb9ba40c358cd69482232
governance/DATASET_SCHEMA_REGISTRY.csv,UNCHANGED,a8d81e4973e55cde9bc117340cbe4bd68200cc1b1ed42d2f2585e0a44d7ac753,a8d81e4973e55cde9bc117340cbe4bd68200cc1b1ed42d2f2585e0a44d7ac753
governance/DECISION_LEDGER.md,MODIFIED,9f89f6dc8e28796a173aaadd1f412a491f5b1f8b49e249be0668d6539f8feffc,90eb95a214ffc645a00fbcc2f66528dbc040a548f03fdbe321b90ad492207adf
governance/DO_NOT_DRIFT.md,UNCHANGED,13e3712dc3f9cb22d65e23953ac040ee2daefff16364d38d195432110a2d3404,13e3712dc3f9cb22d65e23953ac040ee2daefff16364d38d195432110a2d3404
governance/DRAFT_DEVELOPMENT_CANDIDATE_CONTRACTS.csv,UNCHANGED,703bd95825d18b32e4ae8d7c31572193383f1b68a335bce7dab28729dca24c36,703bd95825d18b32e4ae8d7c31572193383f1b68a335bce7dab28729dca24c36
governance/EARLY_SEASON_BLEND_CANDIDATES.csv,UNCHANGED,12d0b0c2f3dee7350938528d1b2ac223213f98b3a7cc53524c6609372cc479c9,12d0b0c2f3dee7350938528d1b2ac223213f98b3a7cc53524c6609372cc479c9
governance/ENTITY_RESOLUTION_STATES.csv,UNCHANGED,b0c0ac7009e4cb0eefcb4b751b2ffd9dd8d3bddb267a0084b05f184adbfc1ef1,b0c0ac7009e4cb0eefcb4b751b2ffd9dd8d3bddb267a0084b05f184adbfc1ef1
governance/ENTITY_STORAGE_DECISION_MATRIX.csv,UNCHANGED,e3a201943f694e890a80ce19147d3c369b886b5f0624d3ea9814afd825a22753,e3a201943f694e890a80ce19147d3c369b886b5f0624d3ea9814afd825a22753
governance/EPIC_CATALOG.csv,UNCHANGED,18997364f9d770530aaba346b1fb4342bd8a02710d98d7e0f3b1b34b5307cfff,18997364f9d770530aaba346b1fb4342bd8a02710d98d7e0f3b1b34b5307cfff
governance/EVALUATION_SCORECARD_REGISTRY.csv,ADDED,,4006696063ab78171ed73fb33a237a6e9a691dc106dd829ab2cf31d2aaa4b338
governance/FEATURE_CANDIDATE_SEEDS.csv,UNCHANGED,c1769929206cf7612af4732ed9d9073715c60edf0af09abcdaf8570435d4113f,c1769929206cf7612af4732ed9d9073715c60edf0af09abcdaf8570435d4113f
governance/FEATURE_EVIDENCE_REQUIREMENTS.csv,UNCHANGED,c1c18bbcd00e476b5b9ee1c9eb46e288ea7c9b3e6b224ca6155ca9f8e046a9c3,c1c18bbcd00e476b5b9ee1c9eb46e288ea7c9b3e6b224ca6155ca9f8e046a9c3
governance/FEATURE_FAMILY_EXPERIMENT_PLAN.csv,UNCHANGED,523f6961b841fb9a50db4ce74141a3c0229e564f069e5dd025cda121ce478473,523f6961b841fb9a50db4ce74141a3c0229e564f069e5dd025cda121ce478473
governance/FEATURE_LIFECYCLE_DECISION_LOG.csv,UNCHANGED,661cf0326debe3739ea16495b6fb84024fa55bf09970350e03811fe3558a57de,661cf0326debe3739ea16495b6fb84024fa55bf09970350e03811fe3558a57de
governance/FEATURE_LIFECYCLE_STATES.csv,UNCHANGED,6df10fc6bd875863192ab616d2bb56beb3df0c2876e73922fbef73e3f0837015,6df10fc6bd875863192ab616d2bb56beb3df0c2876e73922fbef73e3f0837015
governance/FEATURE_LIFECYCLE_TRANSITIONS.csv,UNCHANGED,2890127a63c54c1a052fac112dd2683ec79ba896fa05fb683b9818e481f0d1ad,2890127a63c54c1a052fac112dd2683ec79ba896fa05fb683b9818e481f0d1ad
governance/FEATURE_SCREENING_METHODS.csv,UNCHANGED,c6b2833696a365e089367f0bd34e07539821d17007b9bb202c17b65b195fa358,c6b2833696a365e089367f0bd34e07539821d17007b9bb202c17b65b195fa358
governance/FEATURE_TRANSFORMATION_CATALOG.csv,UNCHANGED,7e215697d0434a6dcb2bf9af71364fc1b2ffd06de03a3703c2bf30d5c7c7d4b8,7e215697d0434a6dcb2bf9af71364fc1b2ffd06de03a3703c2bf30d5c7c7d4b8
governance/FIELD_CLASSIFICATION_RECONCILIATION.csv,UNCHANGED,19aab4e7c1ccfcf2fd32064c5daf8a0c6ad30093a0c06156453b7e0d1130c367,19aab4e7c1ccfcf2fd32064c5daf8a0c6ad30093a0c06156453b7e0d1130c367
governance/FIELD_POSITION_HIDDEN_YARDS_CONTRACTS.csv,UNCHANGED,12a3ee28f945eecd1e722ff570f3933818f5668c039d64e35dadefd0928569bd,12a3ee28f945eecd1e722ff570f3933818f5668c039d64e35dadefd0928569bd
governance/FORECAST_LANES.csv,UNCHANGED,6b13c68338ca7fc6e821decb4fc5523636cfda0a3f1064fbb33ab96fe34a3633,6b13c68338ca7fc6e821decb4fc5523636cfda0a3f1064fbb33ab96fe34a3633
governance/GAME_CONTEXT_CONTRACTS.csv,UNCHANGED,6f986817077abee19432e3ca314ef81c67a2137ba08e1e87301893dca881b5ac,6f986817077abee19432e3ca314ef81c67a2137ba08e1e87301893dca881b5ac
governance/HISTORICAL_WEIGHTING_CANDIDATES.csv,UNCHANGED,8f300c1ea8c36a5fde4466de67a4f27ec0158abb3509e1b6b344976dd5c18fb1,8f300c1ea8c36a5fde4466de67a4f27ec0158abb3509e1b6b344976dd5c18fb1
governance/HOME_FIELD_EXPERIMENT_PLAN.csv,UNCHANGED,e9c4a9ffa27b911806daae2644d4c32e6f71aae53caf4caa054f3ed017f05507,e9c4a9ffa27b911806daae2644d4c32e6f71aae53caf4caa054f3ed017f05507
governance/HYPOTHESIS_LEDGER.csv,UNCHANGED,b5854f8e3acaec43019658333aa29e02782a6b9e53c67a9fc5a39a059e164a37,b5854f8e3acaec43019658333aa29e02782a6b9e53c67a9fc5a39a059e164a37
governance/IMMUTABLE_RULES.md,UNCHANGED,f4acc7179ab46c00952ee9ff6a040bdaa5a3df61e7ff914895d9e2f892ab807b,f4acc7179ab46c00952ee9ff6a040bdaa5a3df61e7ff914895d9e2f892ab807b
governance/IMPLEMENTATION_COMPLEXITY_CLASSES.csv,UNCHANGED,22f424b0b688163a6134fa649881c6aed539af673edea2dfc8ef34fdfb7ca53a,22f424b0b688163a6134fa649881c6aed539af673edea2dfc8ef34fdfb7ca53a
governance/IMPLEMENTATION_PHASES.csv,UNCHANGED,be40bc500aeeaa4c9f0da4d5130698a63c191c91c0baa4a1947ea14965a46cba,be40bc500aeeaa4c9f0da4d5130698a63c191c91c0baa4a1947ea14965a46cba
governance/IMPLEMENTATION_WBS.csv,MODIFIED,65933b533db0538e51531e65ec85b63e957cc857945d3280ca84e8fe99d4175e,3a14b202724aa295d6692c3a44211afe33aeecaca6d3af20524125da4b7eaf87
governance/JOINT_SCORE_CANDIDATES.csv,UNCHANGED,63c06205862d76c7c1c49a9a4813a2b918896b593d90a7e4cb59d89cdea410c9,63c06205862d76c7c1c49a9a4813a2b918896b593d90a7e4cb59d89cdea410c9
governance/JOIN_PATH_REGISTRY.csv,UNCHANGED,50ed7a63f613f6ad68fe9d7c4f51f609813404dbd5720a70187493428e53d8ba,50ed7a63f613f6ad68fe9d7c4f51f609813404dbd5720a70187493428e53d8ba
governance/LEAKAGE_SCENARIO_CATALOG.csv,UNCHANGED,d283ad51fbb88822302fb21320a9c56d638eeff2ad57e40a85a0328a3c624d20,d283ad51fbb88822302fb21320a9c56d638eeff2ad57e40a85a0328a3c624d20
governance/LOWER_DIVISION_TRANSLATION_CONTRACTS.csv,UNCHANGED,667e057b1a4f471793d0a569c650ba7ee5cbdc29a457e2d4061923009906174c,667e057b1a4f471793d0a569c650ba7ee5cbdc29a457e2d4061923009906174c
governance/MARKET_LANE_RULES.csv,UNCHANGED,15659db273396751e1f951754f86e2f4b8dd072e9364a89393875a479e24d533,15659db273396751e1f951754f86e2f4b8dd072e9364a89393875a479e24d533
governance/MATCHUP_CONTEXT_GATE_STATUS.csv,UNCHANGED,0b6b2501b2355e5e8cde0cdeff25f1272d526b9086439c2bc536f6585c37dcc5,0b6b2501b2355e5e8cde0cdeff25f1272d526b9086439c2bc536f6585c37dcc5
governance/MECHANICS_GATE_STATUS.csv,UNCHANGED,b557358813fa014a6511ed3fb6801cddf222852c3f7046c6f1bd8688f1eba113,b557358813fa014a6511ed3fb6801cddf222852c3f7046c6f1bd8688f1eba113
governance/MECHANICS_INTERACTION_CANDIDATES.csv,UNCHANGED,a7e4e698e3c1fc905ff326163a5cdb4a7ff5e82abc4150ea97a3c418d4cbfe21,a7e4e698e3c1fc905ff326163a5cdb4a7ff5e82abc4150ea97a3c418d4cbfe21
governance/METRIC_REGISTRY.csv,ADDED,,72e9834e7a372955c6491dcd433d9c5a0348ae1693f60bb39f99f62cd638e160
governance/MISSINGNESS_EVIDENCE_REGISTRY.csv,UNCHANGED,da7c95f169a67948db1379f59e5e52dd356912fc02d9b614ed9a8e3f9dd18381,da7c95f169a67948db1379f59e5e52dd356912fc02d9b614ed9a8e3f9dd18381
governance/MODEL_ARCHITECTURE_CANDIDATES.csv,UNCHANGED,c7dacfff5e5baa815ab4e1259b90b20c2c0a68517a38ceba3c4b25cd5c51bc79,c7dacfff5e5baa815ab4e1259b90b20c2c0a68517a38ceba3c4b25cd5c51bc79
governance/MODEL_ARCHITECTURE_GATE_STATUS.csv,UNCHANGED,bf625654910d2c5286c3d051989204a5bb3fe125a1c5adec41d9359314717f4f,bf625654910d2c5286c3d051989204a5bb3fe125a1c5adec41d9359314717f4f
governance/MODEL_DERIVATION_CONTRACT.csv,UNCHANGED,1e82be5fea8f9145df6a4c1db81666ff18c119e4c03d12236710443b90a476a5,1e82be5fea8f9145df6a4c1db81666ff18c119e4c03d12236710443b90a476a5
governance/MODEL_DISAGREEMENT_CONTRACTS.csv,UNCHANGED,bcca65606a04504682dbe77f4f3d4cd50d45b1bb554438278a4cc843eac5cd33,bcca65606a04504682dbe77f4f3d4cd50d45b1bb554438278a4cc843eac5cd33
governance/MODEL_TARGET_CONTRACT.csv,UNCHANGED,39f06c5f30a0cf9426647adf18b83db79b154f121967ce2564cbdf33daab7813,39f06c5f30a0cf9426647adf18b83db79b154f121967ce2564cbdf33daab7813
governance/NEXT_WAVE.md,MODIFIED,b0ef232672862557a9bf0e126589047509e580b7f879a482c394b88a7fefa855,a91df8e33cadbfe77045d736528d1d66f68e9cc01a8591846f288168618f20a6
governance/OFFICIATING_EXPERIMENT_POLICY.csv,UNCHANGED,65d6e15eb9454f41d52dc00335848f4b78b3a4ab94cafd275d4b2e6f8bc8afd4,65d6e15eb9454f41d52dc00335848f4b78b3a4ab94cafd275d4b2e6f8bc8afd4
governance/OOD_DETECTION_CANDIDATES.csv,UNCHANGED,8cbccb92410389aaeef0c960366d8cd39b325a67f52448b24e00eaa356e9889b,8cbccb92410389aaeef0c960366d8cd39b325a67f52448b24e00eaa356e9889b
governance/OPEN_ISSUES.md,UNCHANGED,ae11141dee4c7b098b8c92b807031ec8922331e811a083d287a321f86558c3ed,ae11141dee4c7b098b8c92b807031ec8922331e811a083d287a321f86558c3ed
governance/OPPONENT_ADJUSTMENT_CANDIDATES.csv,UNCHANGED,dd0b0c84e15469ecf75543585a6a7c66b8775156e84dfc41120a2b1099cd910d,dd0b0c84e15469ecf75543585a6a7c66b8775156e84dfc41120a2b1099cd910d
governance/OPPONENT_STRENGTH_HIERARCHY.csv,UNCHANGED,e29f275eb3257e0463f5f660b7463f0e5bc812277cd69988dd802bb1a9f89b0a,e29f275eb3257e0463f5f660b7463f0e5bc812277cd69988dd802bb1a9f89b0a
governance/OPPORTUNITY_BACKLOG.yaml,UNCHANGED,fa743cfa1d672fabff9936efc1cdcd91095feb5ffc792a8e2aa3bf18428f0253,fa743cfa1d672fabff9936efc1cdcd91095feb5ffc792a8e2aa3bf18428f0253
governance/PIT_DOMAIN_POLICY.csv,UNCHANGED,1e9f7465018242fef18261f0f1c2849b080f878cf6fff96360976e7d68fc1ed9,1e9f7465018242fef18261f0f1c2849b080f878cf6fff96360976e7d68fc1ed9
governance/PIT_GATEWAY_RULES.csv,UNCHANGED,a0c15f6d95f7ab272840f9387babcd7b506c59bb30d4a4ec3fd5ee1f195063d3,a0c15f6d95f7ab272840f9387babcd7b506c59bb30d4a4ec3fd5ee1f195063d3
governance/PLAYER_INTELLIGENCE_GATE_STATUS.csv,UNCHANGED,6e000250153b11cd51f9b00f7659e41d4c75912bde6d7a0d623f0de0ed486bca,6e000250153b11cd51f9b00f7659e41d4c75912bde6d7a0d623f0de0ed486bca
governance/PLAYER_STATE_COMPONENTS.csv,UNCHANGED,69ee73840b613454a095eebe5609ff0adb78d046144845647d164acc3b635b89,69ee73840b613454a095eebe5609ff0adb78d046144845647d164acc3b635b89
governance/PLAYER_VALUE_EVIDENCE_CATALOG.csv,UNCHANGED,409fbd1f4160020e6783c65906669910fc5db750482a642408fb363433260623,409fbd1f4160020e6783c65906669910fc5db750482a642408fb363433260623
governance/POSSESSION_TEMPO_CONTRACTS.csv,UNCHANGED,70396726adf19971c87fa65f5d154188b5407812b55f35ecc08a2d71368211b0,70396726adf19971c87fa65f5d154188b5407812b55f35ecc08a2d71368211b0
governance/PRESEASON_HONOR_CANDIDATE_CONTRACTS.csv,UNCHANGED,b8e8985dad2deaa324fc96512c86a5e42b105f05bd3210a454399e25f50e0f7d,b8e8985dad2deaa324fc96512c86a5e42b105f05bd3210a454399e25f50e0f7d
governance/PRIVATE_RESOURCE_PROXY_CONTRACTS.csv,UNCHANGED,ec0a3a1ff1670fb2ffc8deb02f8d33df16452be80b9430d17b397a17df63987d,ec0a3a1ff1670fb2ffc8deb02f8d33df16452be80b9430d17b397a17df63987d
governance/PROGRAM_RESOURCE_LANES.csv,UNCHANGED,d9ab6e07b638dd606140cab9ee44d0d17b27939be357bb9a6ccdbe2756f10823,d9ab6e07b638dd606140cab9ee44d0d17b27939be357bb9a6ccdbe2756f10823
governance/PROJECT_IDENTITY.yaml,MODIFIED,39543a34862db42d5c480b4a19ab686865a2d20dc302cf6d6febde844b04848a,25b73fd84adc321c47384b0feced8971d7b7e464c360c5bd776d24072dfbf55e
governance/PROMOTION_DECISION_STATES.csv,ADDED,,e9f0f483e66c799ebf88dbbeb13fa1dc722aac5fa932bfd9bb87fb879163531b
governance/PROTECTED_ACCEPTANCE_RULES.md,UNCHANGED,e881e25c6338b000253405d9fce02592b6f9254bf193a4c8e3901a9a954b42ec,e881e25c6338b000253405d9fce02592b6f9254bf193a4c8e3901a9a954b42ec
governance/PROTECTED_SPLIT_REGISTRY.csv,ADDED,,6b90ef6fb09abd89d7a82a8b5835b00615671a7742839269c7401a2d0af5f764
governance/RAW_FIELD_HANDOFF_STATES.csv,UNCHANGED,e8eed9051f5b4c1923a57286498ea9e40307d693ea440cb476edbdd4e9927dc8,e8eed9051f5b4c1923a57286498ea9e40307d693ea440cb476edbdd4e9927dc8
governance/RAW_FIELD_REGISTRY.csv,UNCHANGED,32c0c2a2809859817fb90632183daaf60ddb4b8cdd06f9108237836678298246,32c0c2a2809859817fb90632183daaf60ddb4b8cdd06f9108237836678298246
governance/RECRUITING_PROSPECT_PRIOR_CATALOG.csv,UNCHANGED,161295cdb8ad7b0e75b399ed4c31f23aaf9f9b74ffd2df41b8c7c05d1782f6ff,161295cdb8ad7b0e75b399ed4c31f23aaf9f9b74ffd2df41b8c7c05d1782f6ff
governance/REDUNDANCY_CLUSTER_REGISTRY.csv,UNCHANGED,5027f7a51472295aec95c86b1ab2f7e34986f4953b5bdf794eccfc799b788313,5027f7a51472295aec95c86b1ab2f7e34986f4953b5bdf794eccfc799b788313
governance/REGIME_SIMILARITY_FACTORS.csv,UNCHANGED,271a9659493cedcc03bc1f3d7e75ab1ee9ae9e774e64e8001e0058c2fe67a530,271a9659493cedcc03bc1f3d7e75ab1ee9ae9e774e64e8001e0058c2fe67a530
governance/REGULATORY_ENVIRONMENT_CONTRACTS.csv,UNCHANGED,2d19c358d8b8c25ce16f279b0572f895fd1d780d59b128b40223333764d3d929,2d19c358d8b8c25ce16f279b0572f895fd1d780d59b128b40223333764d3d929
governance/REPLACEMENT_VALUE_CONTRACTS.csv,UNCHANGED,01dbd3d67d65b1d7b4ad34491ee3724e7605719f0cb416b521eabbcdd0f69220,01dbd3d67d65b1d7b4ad34491ee3724e7605719f0cb416b521eabbcdd0f69220
governance/REQUIREMENTS_INDEX.csv,MODIFIED,e72b367de95b5a09c0b59b00fb2980e0eb581da68ea38bbd47c3d0a24c19eb04,f838aa8e7f42fe860a3021e9f8c484eeb31d0a50926f9b35ef87c0f6c14566ac
governance/REQUIREMENTS_TRACEABILITY.csv,MODIFIED,c4478027d19acf044ea5d6921fa251c902fa637d18061a7f732dfd6e35992c3e,89e8d00700a68c9f3adbe78407dbe553eb980e6ae2d73eb58e8df6f74234869c
governance/REQUIREMENT_ACCEPTANCE_MATRIX.csv,MODIFIED,4a957fda7fe15f860dac219aa54b235394907d8f2e7f06fb87bf97aa4dc1bf5b,a52b622aac87dd8ad46cec2501aed45ee9ba12105e8ff7aff97c1c70f1b5fc76
governance/REQUIREMENT_TASK_TRACEABILITY.csv,MODIFIED,fcb8c9f8a6799b4e49fc8b2705ae4bf60e10f1946c037a6a7b303029f135ab78,864d622ff48c487277fc933012931185da76bb2f8cc0d396f2cc27df0b32e0be
governance/RISKS.md,MODIFIED,1fde14c13e0e8ffe9b91b3c0c16dbc0f18166ea6ad71eb433898fcead7976f2b,6b47f9f790a2377040ea65aa2b7b335e530c7ecce5554ceb728f2929fee4c8a0
governance/RISK_ACCEPTANCE_TRACEABILITY.csv,MODIFIED,458ed5a59efd44af6360f22dff9ad527b6582df2687a16852ce3e271ab0c357b,bfad027b8d77d1ab0478c05f011def52abaac9bd3f6d961c1af9c58835c25013
governance/RISK_REGISTER.csv,MODIFIED,696b958b148546ff7e6ca26d0daffda53d00a0fd54a9ef7dfb9532e41b17fa09,f0d2f706d9400260fafd40f39d9a0f41eec69b144dc608ec2f42733f4292e381
governance/ROSTER_DEPTH_STATE_CONTRACTS.csv,UNCHANGED,a7595b65ac4ea190e0e0e1beaa7b71ffeb362668ce00e3c2ab73e330e3eacb3b,a7595b65ac4ea190e0e0e1beaa7b71ffeb362668ce00e3c2ab73e330e3eacb3b
governance/SCHEDULE_STRESS_CONTRACTS.csv,UNCHANGED,063b7e125179ae781ebfafd902a8b10a9ace57e6531809dc8724c29cce61542f,063b7e125179ae781ebfafd902a8b10a9ace57e6531809dc8724c29cce61542f
governance/SCHEME_PLAY_CALLER_TENDENCY_CONTRACTS.csv,UNCHANGED,8ce68ad0a558ec613d1541c051c37c288733bd4038e074c75088c3ac65456d15,8ce68ad0a558ec613d1541c051c37c288733bd4038e074c75088c3ac65456d15
governance/SCORE_STATE_POLICY_CANDIDATES.csv,UNCHANGED,24598954f3f3ab08082206feabe06d339201d4bf4fd40b6a9a2fc22356ee0913,24598954f3f3ab08082206feabe06d339201d4bf4fd40b6a9a2fc22356ee0913
governance/SHARED_CONTRACT_OWNERSHIP.csv,UNCHANGED,84917341a39f3e7b038a7f593594bcd7e003adf6f803397e6a5745d78634def1,84917341a39f3e7b038a7f593594bcd7e003adf6f803397e6a5745d78634def1
governance/SIMULATION_SCENARIO_CONTRACTS.csv,UNCHANGED,306c7c7dc63ea8f234a91e365b575645eb615d942f321cc9cddf0f4582d61302,306c7c7dc63ea8f234a91e365b575645eb615d942f321cc9cddf0f4582d61302
governance/SOURCE_MAPPING_METHODS.csv,UNCHANGED,9c6ccbd6a2d06fd61f9b6a57ac3b0e3e37b8566f72fe51ab2236bae2704d4b8d,9c6ccbd6a2d06fd61f9b6a57ac3b0e3e37b8566f72fe51ab2236bae2704d4b8d
governance/SOURCE_OF_TRUTH_MAP.md,UNCHANGED,060fbc65f5b40b2515dd4033943b26bb229579fa1a957ac3ddeaaae9d3f20920,060fbc65f5b40b2515dd4033943b26bb229579fa1a957ac3ddeaaae9d3f20920
governance/SPECIAL_TEAMS_COMPONENT_CONTRACTS.csv,UNCHANGED,276a44ccbdbe8fae2b4799531b08c6454de3f5aaa5e5333c9bd81fef792f2275,276a44ccbdbe8fae2b4799531b08c6454de3f5aaa5e5333c9bd81fef792f2275
governance/STYLE_SIMILARITY_CANDIDATES.csv,UNCHANGED,d931b54d7e4e2408b2d160b9de3b42626667ad1be0ab6eca98fbdd00fb234500,d931b54d7e4e2408b2d160b9de3b42626667ad1be0ab6eca98fbdd00fb234500
governance/SUPERSEDED_DECISIONS.csv,UNCHANGED,58e93a37bab2c1d81a173e96b4855334e5e83fbda854b56e4bcdacc9e21d0620,58e93a37bab2c1d81a173e96b4855334e5e83fbda854b56e4bcdacc9e21d0620
governance/SUPERSEDED_DECISIONS.md,UNCHANGED,0b65bf3d135816e257430f809a6352961edfa298b59c7807b14fd3e2f511fd13,0b65bf3d135816e257430f809a6352961edfa298b59c7807b14fd3e2f511fd13
governance/TAMU_ANALOG_CONTRACTS.csv,UNCHANGED,3fc173ee6b5611fe23a474bf3cdd9c38f8b276c743e67bee4eef87685b2d89ed,3fc173ee6b5611fe23a474bf3cdd9c38f8b276c743e67bee4eef87685b2d89ed
governance/TAMU_EVALUATION_SLICES.csv,UNCHANGED,7f1cd4674d87115685ae30ceac5728c08d38aba7582dea86e8be346c5b1c5b60,7f1cd4674d87115685ae30ceac5728c08d38aba7582dea86e8be346c5b1c5b60
governance/TAMU_EVIDENCE_RESOLUTION_LANES.csv,UNCHANGED,9d863a8d5adf0a3dff2429387d0d7da88a5c8af4f9e0e40c52c4bd7279083fe8,9d863a8d5adf0a3dff2429387d0d7da88a5c8af4f9e0e40c52c4bd7279083fe8
governance/TAMU_PEER_COHORT_CONTRACTS.csv,UNCHANGED,9888f5b9468742ce41cbc88b82746cc794f071808030694f0ad187fc1ced612a,9888f5b9468742ce41cbc88b82746cc794f071808030694f0ad187fc1ced612a
governance/TAMU_SNAPSHOT_CADENCE_CANDIDATES.csv,UNCHANGED,c98a9deed24a586d17efc3149fee2e0105a9a291515bf778554580fa925bacfb,c98a9deed24a586d17efc3149fee2e0105a9a291515bf778554580fa925bacfb
governance/TAMU_SPECIALIZATION_CANDIDATES.csv,UNCHANGED,3b7cd01822ba969b142ba3daf9a877dd3f29edf09b923eeb539e3180e76e3ce8,3b7cd01822ba969b142ba3daf9a877dd3f29edf09b923eeb539e3180e76e3ce8
governance/TAMU_SPECIALIZATION_GATE_STATUS.csv,UNCHANGED,6a5875c60f6741ee2c7e895a12619595d9e03338a32f4bdb0b8b5924896bf929,6a5875c60f6741ee2c7e895a12619595d9e03338a32f4bdb0b8b5924896bf929
governance/TAMU_SPECIALIZATION_OVERFIT_GUARDS.csv,UNCHANGED,e68f5923d56645c831a3763c5ae8be888610043b9831eafe5dc9687ee22f1bc3,e68f5923d56645c831a3763c5ae8be888610043b9831eafe5dc9687ee22f1bc3
governance/TAMU_STATE_COMPONENTS.csv,UNCHANGED,98048d696d13f075e270af822fa088d478c1bd5eb19013fc66e524d5cc0624a7,98048d696d13f075e270af822fa088d478c1bd5eb19013fc66e524d5cc0624a7
governance/TAMU_STATE_GATE_STATUS.csv,UNCHANGED,73e809b957b45eb6b6a7f89f02c2cd7a7c9c3ef07781b5c7b1aea1dec10a82fb,73e809b957b45eb6b6a7f89f02c2cd7a7c9c3ef07781b5c7b1aea1dec10a82fb
governance/TAMU_UNIT_STATE_CONTRACTS.csv,UNCHANGED,ef09a0ebcb910bc5915dae6d7082f57144dfa2a26064662f9bcee016bb50dee6,ef09a0ebcb910bc5915dae6d7082f57144dfa2a26064662f9bcee016bb50dee6
governance/TARGET_FEATURE_POLICY.csv,UNCHANGED,2244adb066fbca1fe77ca12d3a738a231b97fd58127f5b8afb5f0c8ef18b7e88,2244adb066fbca1fe77ca12d3a738a231b97fd58127f5b8afb5f0c8ef18b7e88
governance/TASK_DEPENDENCIES.csv,UNCHANGED,5ed13912f70b19aa336853b67d3ba2d99fbeb8f04c71b6a775d52a5a84cfc789,5ed13912f70b19aa336853b67d3ba2d99fbeb8f04c71b6a775d52a5a84cfc789
governance/TEAM_STATE_COMPARISON_PLAN.csv,UNCHANGED,53e7fff1fc909f8d5b19fc0374b99b4273d784a794f0a78a1e55df1c3aa71be3,53e7fff1fc909f8d5b19fc0374b99b4273d784a794f0a78a1e55df1c3aa71be3
governance/TEAM_STATE_COMPONENTS.csv,UNCHANGED,bea314feb2ad56385b824ad0cec475b08f9aab54a5618794fb3976271d3b275f,bea314feb2ad56385b824ad0cec475b08f9aab54a5618794fb3976271d3b275f
governance/TEAM_STATE_GATE_STATUS.csv,UNCHANGED,1100189fd43154ca691e0ab253f0e3a8d3342b9d7e59a2a2eadc248906c5118b,1100189fd43154ca691e0ab253f0e3a8d3342b9d7e59a2a2eadc248906c5118b
governance/TEAM_STATE_PRIOR_COMPONENTS.csv,UNCHANGED,84f8154fa3dda385d6191533431bcd640241f41f772661ccb73b0ff09eab25e3,84f8154fa3dda385d6191533431bcd640241f41f772661ccb73b0ff09eab25e3
governance/TEAM_STATE_UNCERTAINTY_CATALOG.csv,UNCHANGED,992a8761b999cebfae710990810267ece70befe62afa80dac943dbebb161f880,992a8761b999cebfae710990810267ece70befe62afa80dac943dbebb161f880
governance/TEMPORAL_FIELD_SEMANTICS.csv,UNCHANGED,97cd402021d737b11638d34c9d1e92ae4a9a44d96f63f54a34c269c639c65b9f,97cd402021d737b11638d34c9d1e92ae4a9a44d96f63f54a34c269c639c65b9f
governance/THRESHOLD_PRECOMMITMENT_REGISTRY.csv,ADDED,,85da9ddb97eb1144914d41f1445609e3b0e1c50a3c3e9abdd97cb64d37940e0e
governance/TRANSFER_EPISODE_CONTRACTS.csv,UNCHANGED,02564f6228f216d6ce838668d78ba2fc62662af0b53c000c07fd6fb8a957deae,02564f6228f216d6ce838668d78ba2fc62662af0b53c000c07fd6fb8a957deae
governance/TRANSFER_FRESHMAN_UNCERTAINTY_CATALOG.csv,UNCHANGED,386c590402d69783af81f8c46f165d510caa657a043eda7960a57893e261f160,386c590402d69783af81f8c46f165d510caa657a043eda7960a57893e261f160
governance/TRANSFER_RECRUITING_PROVENANCE_AUDIT.csv,UNCHANGED,4f19c19cafc2cf95b9af8509ba0d1cec342f646f6fb45f17253405bf391e61e4,4f19c19cafc2cf95b9af8509ba0d1cec342f646f6fb45f17253405bf391e61e4
governance/TRANSFER_TRANSLATION_EXPERIMENT_PLAN.csv,UNCHANGED,7a0920c858978aa4c8bea3bf4a5e3b14b98678a677bab9cb9e0ff128d981c75b,7a0920c858978aa4c8bea3bf4a5e3b14b98678a677bab9cb9e0ff128d981c75b
governance/UNCERTAINTY_COMPONENTS.csv,UNCHANGED,075c260a87012c5b557e46a273ca9f0378cc031f2428b1cf429d0809e4435d64,075c260a87012c5b557e46a273ca9f0378cc031f2428b1cf429d0809e4435d64
governance/UNCERTAINTY_OOD_MARKET_EVALUATION.csv,ADDED,,bd7f5a199599b023954b949a1361c2fdfe429a10325884fc16b4ffd2ecb66a9b
governance/UNRESOLVED_QUESTIONS.csv,UNCHANGED,95f7de0e3b79fc5cf13ebf1430c110787b12f9363c8289f7424ddd73deb27a05,95f7de0e3b79fc5cf13ebf1430c110787b12f9363c8289f7424ddd73deb27a05
governance/VENUE_TRAVEL_REST_CONTRACTS.csv,UNCHANGED,4e19a3f632b8e1cfab252325ec5da908cde0baa10a8c0fd3dc76720c5836c72d,4e19a3f632b8e1cfab252325ec5da908cde0baa10a8c0fd3dc76720c5836c72d
governance/W01_VALIDATION_REPORT.md,UNCHANGED,e6036d0e40f917b1d0b2ceeec198950881855102b99e3fbfbd50ca996e5329bc,e6036d0e40f917b1d0b2ceeec198950881855102b99e3fbfbd50ca996e5329bc
governance/W02_ADAPTIVE_REVIEW.md,UNCHANGED,e22f2bef9830f6d07b15d151ee72292d1e66d2dd3ca804f1f51a9b839621b4b0,e22f2bef9830f6d07b15d151ee72292d1e66d2dd3ca804f1f51a9b839621b4b0
governance/W02_VALIDATION_REPORT.md,UNCHANGED,75ade198593a40f3002ae47a6781563c5261ad649240b364ebbe20c399570e5c,75ade198593a40f3002ae47a6781563c5261ad649240b364ebbe20c399570e5c
governance/W03_ADAPTIVE_REVIEW.md,UNCHANGED,14d4a91a9cb551d4f2c3172d68e9538bf04e4e68b1c1763287cd9a973e859272,14d4a91a9cb551d4f2c3172d68e9538bf04e4e68b1c1763287cd9a973e859272
governance/W03_VALIDATION_REPORT.md,UNCHANGED,ba9542feabff94ee84a0f104b8ca5efa4ec8e832ef491e9a01d69ef6ab1afb44,ba9542feabff94ee84a0f104b8ca5efa4ec8e832ef491e9a01d69ef6ab1afb44
governance/W04_ADAPTIVE_REVIEW.md,UNCHANGED,4aa43ae85071f9b523e5628e12b8ac1112a65577fc95e229c12f4267fa8bf7da,4aa43ae85071f9b523e5628e12b8ac1112a65577fc95e229c12f4267fa8bf7da
governance/W04_VALIDATION_REPORT.md,UNCHANGED,e0ece7524b5f6750d2a69c7c9f67e4f5a0d19bb6d0aa70dad692bc0f65fab2ed,e0ece7524b5f6750d2a69c7c9f67e4f5a0d19bb6d0aa70dad692bc0f65fab2ed
governance/W05_ADAPTIVE_REVIEW.md,UNCHANGED,62ec99dd59f1d5da8b2a8e35a69211cb4ac910ce54b3aa4321048ff8f67600be,62ec99dd59f1d5da8b2a8e35a69211cb4ac910ce54b3aa4321048ff8f67600be
governance/W05_VALIDATION_REPORT.md,UNCHANGED,0f53012f4c55f49bdb02a3d7047dd98e3b602701916fcd992b9420c17961ce2b,0f53012f4c55f49bdb02a3d7047dd98e3b602701916fcd992b9420c17961ce2b
governance/W06_ADAPTIVE_REVIEW.md,UNCHANGED,44292c9aa44841de362d805cdbedf024fdd11caa1e44526e772fc44c49cdfdae,44292c9aa44841de362d805cdbedf024fdd11caa1e44526e772fc44c49cdfdae
governance/W06_VALIDATION_REPORT.md,UNCHANGED,c26e603b106e42af6d81e30f3b4960a6c2cf8d705d9c6375f0403dd3afab5da6,c26e603b106e42af6d81e30f3b4960a6c2cf8d705d9c6375f0403dd3afab5da6
governance/W07_ADAPTIVE_REVIEW.md,UNCHANGED,a0a44ee8af5f4fd1bafe9506b2208d3c8f59dcd1c72a3ae0b02dd921bad182cd,a0a44ee8af5f4fd1bafe9506b2208d3c8f59dcd1c72a3ae0b02dd921bad182cd
governance/W07_VALIDATION_REPORT.md,UNCHANGED,4d6c3487646cc7526e751cfa4fa9c7d13ff84fae3829efa92a9efc91d6b13a95,4d6c3487646cc7526e751cfa4fa9c7d13ff84fae3829efa92a9efc91d6b13a95
governance/W08_ADAPTIVE_REVIEW.md,UNCHANGED,9a0d5d09b97ee4e85e0786f7999344087336d43913864441b9ac4c5eac0e8928,9a0d5d09b97ee4e85e0786f7999344087336d43913864441b9ac4c5eac0e8928
governance/W08_VALIDATION_REPORT.md,UNCHANGED,fd2a5ca94b91b4446d2127600af95f53c7fab4b250ca90edd9616b52d4de3322,fd2a5ca94b91b4446d2127600af95f53c7fab4b250ca90edd9616b52d4de3322
governance/W09_ADAPTIVE_REVIEW.md,UNCHANGED,6da79c6a9d48b8dfc3d19feefd72729e68fdee42c2b56ca94045d8fd74195aa2,6da79c6a9d48b8dfc3d19feefd72729e68fdee42c2b56ca94045d8fd74195aa2
governance/W09_VALIDATION_REPORT.md,UNCHANGED,1343a5671552d4dcbd2469e49480979187d32c78931adeede2a59adce1a6dce3,1343a5671552d4dcbd2469e49480979187d32c78931adeede2a59adce1a6dce3
governance/W10_ADAPTIVE_REVIEW.md,UNCHANGED,11cebfe7f984a54bf02220ae006b2a5a94dc75f03147493d2a137203a48551f8,11cebfe7f984a54bf02220ae006b2a5a94dc75f03147493d2a137203a48551f8
governance/W10_VALIDATION_REPORT.md,UNCHANGED,407f72a2a968ce1ae4d2be501c1cbf6fd9c2278a99dd2c776f1f23f3b5726423,407f72a2a968ce1ae4d2be501c1cbf6fd9c2278a99dd2c776f1f23f3b5726423
governance/W11_ADAPTIVE_REVIEW.md,UNCHANGED,1ebd74fa5c2e8c36583df706791f955de0385bc27b4053e3b32e62773a7a7106,1ebd74fa5c2e8c36583df706791f955de0385bc27b4053e3b32e62773a7a7106
governance/W11_VALIDATION_REPORT.md,UNCHANGED,e89d6da7cbcb421af1bbd69ec8eb517f512a2cb43b0a915eb93151132df9dba4,e89d6da7cbcb421af1bbd69ec8eb517f512a2cb43b0a915eb93151132df9dba4
governance/W12_ADAPTIVE_REVIEW.md,UNCHANGED,3665eb9156192324a3d740da589848bb973c32dc02295691b38cfd35510d6083,3665eb9156192324a3d740da589848bb973c32dc02295691b38cfd35510d6083
governance/W12_VALIDATION_REPORT.md,UNCHANGED,f2b91af1ee55b593bd75cef5b9547d57179cfbf10b0bd7070dd7881b54785c59,f2b91af1ee55b593bd75cef5b9547d57179cfbf10b0bd7070dd7881b54785c59
governance/W13_ADAPTIVE_REVIEW.md,UNCHANGED,d32eb157a954ea26b2a161996aaf2b6e52534fc99a298ce6b3c909917051a3d1,d32eb157a954ea26b2a161996aaf2b6e52534fc99a298ce6b3c909917051a3d1
governance/W13_VALIDATION_REPORT.md,UNCHANGED,dd32edf308ba4622b58fc1127c2bfcb6066181bbf6f0a4a655395e6de00619b2,dd32edf308ba4622b58fc1127c2bfcb6066181bbf6f0a4a655395e6de00619b2
governance/W15_ADAPTIVE_REVIEW.md,UNCHANGED,fdd850d63caf115db6d45a88a40f2ccdc1672fe307f5cab7b7aa86714302c4b7,fdd850d63caf115db6d45a88a40f2ccdc1672fe307f5cab7b7aa86714302c4b7
governance/W15_VALIDATION_REPORT.md,UNCHANGED,44790a0fd37c39ebe5c86418e66d76c1807ebea18dd2f6d4c068ffff5f7212e6,44790a0fd37c39ebe5c86418e66d76c1807ebea18dd2f6d4c068ffff5f7212e6
governance/W16_ADAPTIVE_REVIEW.md,UNCHANGED,317a07f02ebd364f05f93a9efec394e09159c86007044dbdeebb6d021ca38d91,317a07f02ebd364f05f93a9efec394e09159c86007044dbdeebb6d021ca38d91
governance/W16_VALIDATION_REPORT.md,UNCHANGED,d431219a70a2a23568d49bdc509fdf05108c48d1379a5a8f80d37884a0232450,d431219a70a2a23568d49bdc509fdf05108c48d1379a5a8f80d37884a0232450
governance/W17_ADAPTIVE_REVIEW.md,ADDED,,4c9e0b95cf598a4ce9d8d2a2bd4ec7763bec1ce377a74d89ada37e53fe544d95
governance/W17_VALIDATION_REPORT.md,ADDED,,5c37327a9ec818e8e1836b380de862103cc7616a6beadc15f3f2bf3fc39790f2
governance/WAVE_LEDGER.md,MODIFIED,be106b3061ba466eb5dfdbbb8c57b9745132cb33751541dd7d7b5b5018fd1d0f,a4c45cd8724bd02bc952f8da39414529e609537468522479c0ee829fef08a6f4
governance/WAVE_PLAN.md,MODIFIED,0e5e275be38af243f1ff303f87bb6f6515693a770196fab12884c084bba0838b,487dc99ba0c116521bb62bd448f82cc90b32ecb236c84801136dcbc4f9ffe4a3
governance/WAVE_PLAN_REVISIONS.md,MODIFIED,939a59cb292518273837990b623e407f077c7b393bcca1a4f44025ccf7d5ac40,7d6220ce317a3fe23d42a28bf691f738085769c4e7e831b5ff0ca0ae66bad57e
governance/WEATHER_CONTEXT_CONTRACTS.csv,UNCHANGED,7e5658ecab8ca78d1e020c53b9f3a242ede610315e96cca183f4bac211fe9f49,7e5658ecab8ca78d1e020c53b9f3a242ede610315e96cca183f4bac211fe9f49
provenance/CURRENT_TREE.txt,UNCHANGED,c1c800de3c4027af2e1ddb60ea2df08c8ffcbd484a7443dfdb9dfed8a089a570,c1c800de3c4027af2e1ddb60ea2df08c8ffcbd484a7443dfdb9dfed8a089a570
provenance/INPUT_ARTIFACTS.csv,UNCHANGED,f93ecd9c38c5cebca0855f2e57f0d3e5437ba3b23715949669c6658d1502ac41,f93ecd9c38c5cebca0855f2e57f0d3e5437ba3b23715949669c6658d1502ac41
provenance/MANIFEST_POLICY.md,UNCHANGED,6ccf5b7a51185dc09140ee7b917af0344a2be5a1b34d6e592018206d37da1dce,6ccf5b7a51185dc09140ee7b917af0344a2be5a1b34d6e592018206d37da1dce
provenance/PROJECT_FILE_HASHES.sha256,UNCHANGED,89425fcc9441150dd23287f744cb378e01ae9adb8b5a59f725048cd5069898fc,89425fcc9441150dd23287f744cb378e01ae9adb8b5a59f725048cd5069898fc
provenance/PROJECT_FILE_MANIFEST.csv,UNCHANGED,d7c91ae6b14edbcc3d7691e00754bd903b4061365c2139db815dbefa51f5d5de,d7c91ae6b14edbcc3d7691e00754bd903b4061365c2139db815dbefa51f5d5de
provenance/RECONNAISSANCE_FILE_INDEX.csv,UNCHANGED,9db10f8fc1ee2c55c8334f7949197925717d1784cd28469da73e4281855ee95f,9db10f8fc1ee2c55c8334f7949197925717d1784cd28469da73e4281855ee95f
provenance/RECON_REQUIRED_READING_STATUS.csv,UNCHANGED,3ced155176b08607d4d69b0955a61e0c36c440c637da42d32e717dd15d750275,3ced155176b08607d4d69b0955a61e0c36c440c637da42d32e717dd15d750275
provenance/SOURCE_CHAT_LOG_INDEX.csv,UNCHANGED,00cc255ee5edde8999cabf0855ac743ce8f5a418857f8b0ff1deac8dd2e4d7a4,00cc255ee5edde8999cabf0855ac743ce8f5a418857f8b0ff1deac8dd2e4d7a4
provenance/W02_FILE_CHANGE_SUMMARY.csv,UNCHANGED,02b5c46849bf26623d7a7fa1784a7e405c09a60fc1e61435695c3e1f0f393299,02b5c46849bf26623d7a7fa1784a7e405c09a60fc1e61435695c3e1f0f393299
provenance/W02_INPUT_ARTIFACTS.csv,UNCHANGED,355c3319a02386c5bdf2f3b54c3444f8fc191f47d57ca9182602b3560330d6e0,355c3319a02386c5bdf2f3b54c3444f8fc191f47d57ca9182602b3560330d6e0
provenance/W03_FILE_CHANGE_SUMMARY.csv,UNCHANGED,a0868a9e4c341615d627e758462ac6b1feba07d0b96e3d699f89202e525fcd93,a0868a9e4c341615d627e758462ac6b1feba07d0b96e3d699f89202e525fcd93
provenance/W03_INPUT_ARTIFACTS.csv,UNCHANGED,0f661e31fc51723d03862061a7c645b061b462b514aebf81037b9114326649b8,0f661e31fc51723d03862061a7c645b061b462b514aebf81037b9114326649b8
provenance/W04_FILE_CHANGE_SUMMARY.csv,UNCHANGED,f42e1b16abca05e1e87e0ebd456931326d6fca30e733c9db0e610452eddca0ef,f42e1b16abca05e1e87e0ebd456931326d6fca30e733c9db0e610452eddca0ef
provenance/W04_INPUT_ARTIFACTS.csv,UNCHANGED,5e563e471bc63909c401b95f2099525f5257c00475e7941fff291cfe419160dc,5e563e471bc63909c401b95f2099525f5257c00475e7941fff291cfe419160dc
provenance/W05_FILE_CHANGE_SUMMARY.csv,UNCHANGED,6d1db2843223821286094801da5d9542b4744e92083ef85b45d323d2aa1cdcab,6d1db2843223821286094801da5d9542b4744e92083ef85b45d323d2aa1cdcab
provenance/W05_INPUT_ARTIFACTS.csv,UNCHANGED,339c840503c25db5e7610825d495c817eb8e9f016c39aa2e28538f28e31a54d9,339c840503c25db5e7610825d495c817eb8e9f016c39aa2e28538f28e31a54d9
provenance/W06_FILE_CHANGE_SUMMARY.csv,UNCHANGED,8191ee5a2603639485cb3a3507bc722642b74de369ec09a0cd4c4052d2eb2740,8191ee5a2603639485cb3a3507bc722642b74de369ec09a0cd4c4052d2eb2740
provenance/W06_INPUT_ARTIFACTS.csv,UNCHANGED,73c9493ee4ebe7e2a9fd70174cb3b20812bcecfd489c971e0572f0587e1cc8c7,73c9493ee4ebe7e2a9fd70174cb3b20812bcecfd489c971e0572f0587e1cc8c7
provenance/W07_FILE_CHANGE_SUMMARY.csv,UNCHANGED,de82b419ee7a3495b5e6584f8f4845ba36669bd98cb31a47ce4a76536f6b7160,de82b419ee7a3495b5e6584f8f4845ba36669bd98cb31a47ce4a76536f6b7160
provenance/W07_INPUT_ARTIFACTS.csv,UNCHANGED,511099b924c927f4213bd66377f700dcf10416d444d514175aa449d0c7424199,511099b924c927f4213bd66377f700dcf10416d444d514175aa449d0c7424199
provenance/W08_FILE_CHANGES.csv,UNCHANGED,5cf89a41a62406dd3380e61bcca45f5a115aab51b17c59f7c649c0215babf5e4,5cf89a41a62406dd3380e61bcca45f5a115aab51b17c59f7c649c0215babf5e4
provenance/W08_INPUT_ARTIFACTS.csv,UNCHANGED,306ccb6591fe1b7aa458c3b4c541327c5beda9a6c4d9add7f800d9ad6941cd02,306ccb6591fe1b7aa458c3b4c541327c5beda9a6c4d9add7f800d9ad6941cd02
provenance/W09_FILE_CHANGE_SUMMARY.csv,UNCHANGED,100e699402399da84e6f43cfa6a9aefe54ddfc505cd604322b9f4a8d625b268a,100e699402399da84e6f43cfa6a9aefe54ddfc505cd604322b9f4a8d625b268a
provenance/W09_INPUT_ARTIFACTS.csv,UNCHANGED,aca24190ac60123fa370f9a9abbfa70eaf4179b75dde02dca9ec36d11e8ae604,aca24190ac60123fa370f9a9abbfa70eaf4179b75dde02dca9ec36d11e8ae604
provenance/W09_SOURCE_CLASSIFICATION_HASHES.csv,UNCHANGED,5db2487235dd04fba67b92c9a4e1ee124eacf1d8ab457713b13c7ef2994990b4,5db2487235dd04fba67b92c9a4e1ee124eacf1d8ab457713b13c7ef2994990b4
provenance/W11_FILE_CHANGES.csv,UNCHANGED,d6f8c917187cb5d9ee1a84f0365b21476cab4516726236b0a4497bb6ab658392,d6f8c917187cb5d9ee1a84f0365b21476cab4516726236b0a4497bb6ab658392
provenance/W11_INPUT_ARTIFACTS.csv,UNCHANGED,01330b88501d7b3a6bef4cea008154eab34a5e7d65b11020ab84c40ac6b1c74b,01330b88501d7b3a6bef4cea008154eab34a5e7d65b11020ab84c40ac6b1c74b
provenance/W12_FILE_CHANGES.csv,UNCHANGED,902eb5549f99a6fa3bced385eec8477fcea246907a912fbb33b190917758c624,902eb5549f99a6fa3bced385eec8477fcea246907a912fbb33b190917758c624
provenance/W12_INPUT_ARTIFACTS.csv,UNCHANGED,b2c565fc464033813f9ab0515a829811dee9b16b6836a77188bdab321c32ac2c,b2c565fc464033813f9ab0515a829811dee9b16b6836a77188bdab321c32ac2c
provenance/W13_FILE_CHANGES.csv,UNCHANGED,3e220860b762985ffa504db9fe49ad24e82e72462b078402a26a51f224b027de,3e220860b762985ffa504db9fe49ad24e82e72462b078402a26a51f224b027de
provenance/W13_INPUT_ARTIFACTS.csv,UNCHANGED,9466ecdbfb4f5fb5dcb6a9fa91ae0a40b9fd16f92b495fb496fec3c2680160f0,9466ecdbfb4f5fb5dcb6a9fa91ae0a40b9fd16f92b495fb496fec3c2680160f0
provenance/W14_ADAPTIVE_REVIEW.md,UNCHANGED,23a3e26af8fb291bd78b3d9a547cf3eb4a21d4a1044060f4314175aaff46818c,23a3e26af8fb291bd78b3d9a547cf3eb4a21d4a1044060f4314175aaff46818c
provenance/W14_INPUT_ARTIFACTS.csv,UNCHANGED,e9dc9c0e3199011b9652ce9e69e7c832714c23ccc16e488de26bfb311669e9f9,e9dc9c0e3199011b9652ce9e69e7c832714c23ccc16e488de26bfb311669e9f9
provenance/W14_INPUT_ARTIFACTS.md,UNCHANGED,eb94c28174413f92fbd82b72a890ccc73106cc9d64ec5819fd12c127a49297f7,eb94c28174413f92fbd82b72a890ccc73106cc9d64ec5819fd12c127a49297f7
provenance/W14_VALIDATION.md,UNCHANGED,96bfab2adfb680572382e5c5e76538b87c6692cfee3e7e56a2765361d6db3245,96bfab2adfb680572382e5c5e76538b87c6692cfee3e7e56a2765361d6db3245
provenance/W15_FILE_CHANGES.csv,UNCHANGED,45f3fe9f259af57b2ac5e7879af9c23f0b6b8a7428abce3db01969c976e8f983,45f3fe9f259af57b2ac5e7879af9c23f0b6b8a7428abce3db01969c976e8f983
provenance/W15_INPUT_ARTIFACTS.csv,UNCHANGED,04dc07e5165f999862402e641d974c5d84f10c7812791100bfb5b80c2eb0081c,04dc07e5165f999862402e641d974c5d84f10c7812791100bfb5b80c2eb0081c
provenance/W16_FILE_CHANGES.csv,UNCHANGED,ba9b5dda7f4700061d016a40d0e52eacd64e0617607452254b2dfb36f8fdacd0,ba9b5dda7f4700061d016a40d0e52eacd64e0617607452254b2dfb36f8fdacd0
provenance/W16_INPUT_ARTIFACTS.csv,UNCHANGED,f2037c7b7a1d3e895eebf2076c385d708ec4ca3a48b468ca2b13213bc62aecd0,f2037c7b7a1d3e895eebf2076c385d708ec4ca3a48b468ca2b13213bc62aecd0
provenance/W17_INPUT_ARTIFACTS.csv,ADDED,,3eef2e9bc5b230d8760ca03e3811bc2878174b8b77e5ee806c87821d7b0252b8
pyproject.toml,MODIFIED,cac7942a4e9fcec5e8a1c37720cec30196c9b159b71f648fe3f19eaa61d9bab2,2ab9bd108d51c323a0d1cca06b496ac4525e0187b91c55d179ce7d485269ce80
schemas/bas/bas_label.json,UNCHANGED,973c60d831bb91229c5d17fe42a6371b0bb8fae05df5bbc46e520695897b7152,973c60d831bb91229c5d17fe42a6371b0bb8fae05df5bbc46e520695897b7152
schemas/bas/component_residual.json,UNCHANGED,14841383d04ee527dc2d487f7ef5b40ee34f2b2048c4a7df91800e51dafd546a,14841383d04ee527dc2d487f7ef5b40ee34f2b2048c4a7df91800e51dafd546a
schemas/bas/expected_margin_evidence.json,UNCHANGED,0981890edf4dbd09cbe923a2ab8b53d0542ba274fd55fafba21682e8cd43fdfe,0981890edf4dbd09cbe923a2ab8b53d0542ba274fd55fafba21682e8cd43fdfe
schemas/canonical/entities.json,UNCHANGED,fd1585a329ffeed3a7774aca8068c8bf6d52ca8018e0d95359842ec2cd0dc69e,fd1585a329ffeed3a7774aca8068c8bf6d52ca8018e0d95359842ec2cd0dc69e
schemas/canonical/evidence_identity.json,UNCHANGED,7ab79f4874f404031be17ecaf872c69d63dffef713f0aadee3e8d465613b66ab,7ab79f4874f404031be17ecaf872c69d63dffef713f0aadee3e8d465613b66ab
schemas/canonical/resolution_decision.json,UNCHANGED,3226369588556f44c0fea1749ea245edc300b9af044965e891ac45d0c6329c89,3226369588556f44c0fea1749ea245edc300b9af044965e891ac45d0c6329c89
schemas/canonical/source_mapping.json,UNCHANGED,c5976da7110e389705621498449dfc556b7bc3a928ef39264cf01553de4f84a2,c5976da7110e389705621498449dfc556b7bc3a928ef39264cf01553de4f84a2
schemas/context_intelligence/coach_role_episode.json,UNCHANGED,8c233fc210c892b89175b9e868d4cb3f28f9fafa0c92fd8619ca53f3886950d8,8c233fc210c892b89175b9e868d4cb3f28f9fafa0c92fd8619ca53f3886950d8
schemas/context_intelligence/game_context_snapshot.json,UNCHANGED,2036a15cba140b01d7a114dfeae62767d5999706e3a875972450ddf0e8cce9aa,2036a15cba140b01d7a114dfeae62767d5999706e3a875972450ddf0e8cce9aa
schemas/context_intelligence/mechanics_state.json,UNCHANGED,03218ac421cee7e8d3cb37fd79f34c0a8bc029c88212c9e78bfc6bce46662344,03218ac421cee7e8d3cb37fd79f34c0a8bc029c88212c9e78bfc6bce46662344
schemas/context_intelligence/officiating_evidence.json,UNCHANGED,e3931b1bcd2babb9212f2b7aba332f1c561ea9c1b7c6d1758e76bcdf9d0c197f,e3931b1bcd2babb9212f2b7aba332f1c561ea9c1b7c6d1758e76bcdf9d0c197f
schemas/context_intelligence/regulatory_environment.json,UNCHANGED,197bb21ce0d414364e10d424aeaedb4f9da02f9b59ecd78ff48eb4bdbd79498c,197bb21ce0d414364e10d424aeaedb4f9da02f9b59ecd78ff48eb4bdbd79498c
schemas/features/feature_candidate.json,UNCHANGED,60936038b2a2747208cc311c4e686a0e402e15f9a96fb16add9365e1d38adbc3,60936038b2a2747208cc311c4e686a0e402e15f9a96fb16add9365e1d38adbc3
schemas/features/feature_evidence.json,UNCHANGED,803fd00cd453d6faf3acf885f80e44a713a98da3e3f3fc12dec51dca07c5ef7a,803fd00cd453d6faf3acf885f80e44a713a98da3e3f3fc12dec51dca07c5ef7a
schemas/features/lifecycle_decision.json,UNCHANGED,325f498080854f358c72b162256d8d45a47761a00aa9ca152c664743665ba559,325f498080854f358c72b162256d8d45a47761a00aa9ca152c664743665ba559
schemas/features/raw_field.json,UNCHANGED,2b8d44960f10a45dbb01152dff69825e78ca72724d7127492c37c62896dfe893,2b8d44960f10a45dbb01152dff69825e78ca72724d7127492c37c62896dfe893
schemas/features/schema_scan.json,UNCHANGED,a5e190e654b14caa2b2f7f7fdbabdff05da70490e6dc91f0c688e7fd198eb17f,a5e190e654b14caa2b2f7f7fdbabdff05da70490e6dc91f0c688e7fd198eb17f
schemas/models/forecast_model_output.json,UNCHANGED,41b632424151c9036d6cb51fb005a7b3123c7f5b15da3fe02887ea40c0cabb2e,41b632424151c9036d6cb51fb005a7b3123c7f5b15da3fe02887ea40c0cabb2e
schemas/models/joint_score_distribution.json,UNCHANGED,938c5f4249092cc6660ad18e2a48ea1bee26a37c20a8e76398782aaadf12cf16,938c5f4249092cc6660ad18e2a48ea1bee26a37c20a8e76398782aaadf12cf16
schemas/models/model_target.json,UNCHANGED,9109304f3a5bc5e2fb51daecab7452d66d661004fd4e85b87ab700ff6c27719f,9109304f3a5bc5e2fb51daecab7452d66d661004fd4e85b87ab700ff6c27719f
schemas/models/simulation_scenario.json,UNCHANGED,1fce17bd6afea888217ae8a8ce5c5d502849d81340df2fe2e5da12fdc092b9ea,1fce17bd6afea888217ae8a8ce5c5d502849d81340df2fe2e5da12fdc092b9ea
schemas/players/availability_state.json,UNCHANGED,a0d84d7ab7bfbbb5295fa2ca2030e05ec24dc60ea33450e5d240b11ade4c1511,a0d84d7ab7bfbbb5295fa2ca2030e05ec24dc60ea33450e5d240b11ade4c1511
schemas/players/honor_observation.json,UNCHANGED,a6ca551522719dc8f9dee20d30745b0b408b2e83b026336adba5c0d438e49639,a6ca551522719dc8f9dee20d30745b0b408b2e83b026336adba5c0d438e49639
schemas/players/player_state.json,UNCHANGED,27872ede84074e76120ad6771a21414778224db40725c38cc0fe945ce2466f0d,27872ede84074e76120ad6771a21414778224db40725c38cc0fe945ce2466f0d
schemas/players/player_value_estimate.json,UNCHANGED,5ddfe8d24adf42423d83086f3d6c90b3f31970997214af3688c9d963ea5f4d70,5ddfe8d24adf42423d83086f3d6c90b3f31970997214af3688c9d963ea5f4d70
schemas/players/prospect_prior.json,UNCHANGED,c1750ff367e36af92eaf95da137c7d341ab8765fe9099bb1bc644e58ef9a979e,c1750ff367e36af92eaf95da137c7d341ab8765fe9099bb1bc644e58ef9a979e
schemas/players/replacement_state.json,UNCHANGED,f78ab70e026e2a1c7aa6f7b66c311958a7add545e12e47b2659a205bbbff5369,f78ab70e026e2a1c7aa6f7b66c311958a7add545e12e47b2659a205bbbff5369
schemas/players/transfer_episode.json,UNCHANGED,9bfc42bce38a44bff19964dc970d8a9ca7a62f715bb28408adb5e9821db47b9b,9bfc42bce38a44bff19964dc970d8a9ca7a62f715bb28408adb5e9821db47b9b
schemas/tamu/peer_analog_query.json,UNCHANGED,d1f9208cc1358042da5b56d02b0a1ddbea51cc107a89a8f8e29f4b96c8d5775e,d1f9208cc1358042da5b56d02b0a1ddbea51cc107a89a8f8e29f4b96c8d5775e
schemas/tamu/snapshot_candidate.json,UNCHANGED,71d171b613b635fe7487224c3b4559af12f6728b24ae3027d568b09c584b3443,71d171b613b635fe7487224c3b4559af12f6728b24ae3027d568b09c584b3443
schemas/tamu/specialization_signal.json,UNCHANGED,426f215cd9627bd19817290881b83c58bc1a3cdb69c14f01f50ef9a66fca16d1,426f215cd9627bd19817290881b83c58bc1a3cdb69c14f01f50ef9a66fca16d1
schemas/tamu/tamu_state.json,UNCHANGED,5dad084b3bc775670960adfe0a1e43a826b9399e015990f061cfedd9c41c592f,5dad084b3bc775670960adfe0a1e43a826b9399e015990f061cfedd9c41c592f
schemas/team_state/historical_weighting_candidate.json,UNCHANGED,8031999265dadc461372d3114ed7a1bd50aaf53cb04fe001f77621a32b49b81c,8031999265dadc461372d3114ed7a1bd50aaf53cb04fe001f77621a32b49b81c
schemas/team_state/opponent_strength.json,UNCHANGED,bfe34df93c12c091d4885deba34627270b5725f5ecb72646990419fa550f4969,bfe34df93c12c091d4885deba34627270b5725f5ecb72646990419fa550f4969
schemas/team_state/team_state.json,UNCHANGED,96b55a0111c278a5fd5e23bec5557c90b4497732b3c200b423c1be51c11c98d6,96b55a0111c278a5fd5e23bec5557c90b4497732b3c200b423c1be51c11c98d6
schemas/temporal/availability_observation.json,UNCHANGED,56d753a6254ef2044e4f033f991ddc6a5dbd204ddd139ecda89e7ca6db30cb55,56d753a6254ef2044e4f033f991ddc6a5dbd204ddd139ecda89e7ca6db30cb55
schemas/temporal/forecast_cutoff.json,UNCHANGED,0aa3205474b35279e5eaa56c1ebc28286a20ca8274ba9c80afbac7bffbea3471,0aa3205474b35279e5eaa56c1ebc28286a20ca8274ba9c80afbac7bffbea3471
schemas/temporal/market_observation.json,UNCHANGED,ed0acaed1cb6832d8005aa16abb1af5bd6ddef6a5038804114d2e5e564bf0134,ed0acaed1cb6832d8005aa16abb1af5bd6ddef6a5038804114d2e5e564bf0134
schemas/temporal/observation.json,UNCHANGED,cabe3128f78e47c740d4e68af5eaa169e6f696a268b5172fdbf6f9604f3c852e,cabe3128f78e47c740d4e68af5eaa169e6f696a268b5172fdbf6f9604f3c852e
schemas/temporal/regulatory_observation.json,UNCHANGED,116d172d9b7e0974dcdf0022278480a1758700f91c8acfd87181654e8693ae3a,116d172d9b7e0974dcdf0022278480a1758700f91c8acfd87181654e8693ae3a
schemas/temporal/weather_forecast_observation.json,UNCHANGED,a00dcb164e0e8221f49891a33b4e33eb75ca6bb48eb6ceaaeb7c779c33448e87,a00dcb164e0e8221f49891a33b4e33eb75ca6bb48eb6ceaaeb7c779c33448e87
schemas/validation/evaluation_result.json,ADDED,,9d2e2b89ae5d35a4c854bb430b3ae0c5f9d4933b7150d3d2ea41617e0bde0fcb
schemas/validation/promotion_decision.json,ADDED,,d5110ba9ab8099daf19eb824dbd48f19e6489265d21058a1650756e626c768a9
schemas/validation/protected_split.json,ADDED,,7af8ed6d0b13a02540665af8b82f2eb0191d6a0363e106c249f5e820cb9b8fce
scripts/bootstrap.ps1,UNCHANGED,ab458732b0a9f98ae656bbccd9e8a2b31b21a33dcede6493953d10338ed3323e,ab458732b0a9f98ae656bbccd9e8a2b31b21a33dcede6493953d10338ed3323e
scripts/bootstrap.py,UNCHANGED,cc7dda6ddeb1b00db23db44c3df091045f23887d7a0e6294a623a49d9df3b99c,cc7dda6ddeb1b00db23db44c3df091045f23887d7a0e6294a623a49d9df3b99c
scripts/new_worktree.ps1,UNCHANGED,77b69a40e25dbc03cfe142892736667c8359e7d36b19b0627ba3dac97514899e,77b69a40e25dbc03cfe142892736667c8359e7d36b19b0627ba3dac97514899e
scripts/package_wave.ps1,UNCHANGED,24fc0fd6e2df0974e7c516360babd69c21d8271cc1b1f493abeecef40e89f9fa,24fc0fd6e2df0974e7c516360babd69c21d8271cc1b1f493abeecef40e89f9fa
scripts/validate_repo.ps1,UNCHANGED,68438ffaa3956a175793079c874af2857d0b327bfcaecdaf77ca46a90c0c636c,68438ffaa3956a175793079c874af2857d0b327bfcaecdaf77ca46a90c0c636c
scripts/verify_prior_wave.ps1,UNCHANGED,4c69068a9e61bbeb71c648423d0c83a8c414ce933de174c50fb10af54f7f6acd,4c69068a9e61bbeb71c648423d0c83a8c414ce933de174c50fb10af54f7f6acd
src/aggie_analytics/__init__.py,MODIFIED,cbbb4e49d69a0a27e3a2a9621b12c200f15ceb8c333f640d22bcd7f3077bef46,df2d14baf6da7ca9596c6208e9373e74680b8a6c74c5f2d60fab688f1d54217c
src/aggie_analytics/architecture/__init__.py,UNCHANGED,5be8d8a526d191804ad08f8ccbb24f3e8325cce36a89315a69d05e1c79fa20f4,5be8d8a526d191804ad08f8ccbb24f3e8325cce36a89315a69d05e1c79fa20f4
src/aggie_analytics/architecture/contracts.py,UNCHANGED,3a8bc06e2dc6af77d2b4505d7b23ce3eec8321582493a97a24722fb795b667b5,3a8bc06e2dc6af77d2b4505d7b23ce3eec8321582493a97a24722fb795b667b5
src/aggie_analytics/architecture/registry.py,UNCHANGED,4a57c9f8be9f3b0b50618ae8cf539915baa49b3812943d1f3e604398e501d972,4a57c9f8be9f3b0b50618ae8cf539915baa49b3812943d1f3e604398e501d972
src/aggie_analytics/bas/__init__.py,UNCHANGED,9bf8aafa103c2aad97888455754105b60696bcde12151113e611e496be88c2f2,9bf8aafa103c2aad97888455754105b60696bcde12151113e611e496be88c2f2
src/aggie_analytics/bas/contracts.py,UNCHANGED,4db391c284f450497fcdd23a6184ee925cd48944ea4719d71dd7a3eda88aa2e3,4db391c284f450497fcdd23a6184ee925cd48944ea4719d71dd7a3eda88aa2e3
src/aggie_analytics/bas/labels.py,UNCHANGED,f9f7d0d6feca7b835b14d75855e66a3dc52d4b80be48bb793b626df08034bfd2,f9f7d0d6feca7b835b14d75855e66a3dc52d4b80be48bb793b626df08034bfd2
src/aggie_analytics/context_intelligence/__init__.py,UNCHANGED,cacd1fb2314922b38b1b81ae52b521875e842e5b3a23c43dbc0a792d35419d59,cacd1fb2314922b38b1b81ae52b521875e842e5b3a23c43dbc0a792d35419d59
src/aggie_analytics/context_intelligence/coaching.py,UNCHANGED,10c25c9c8308556df1a11b2b83e1bcd8f109c314020ed6ff26ba3b57818ddede,10c25c9c8308556df1a11b2b83e1bcd8f109c314020ed6ff26ba3b57818ddede
src/aggie_analytics/context_intelligence/context.py,UNCHANGED,2125d4b7d8b8cc22bae0f093b1cb496dafa87e5a27693506a106180baab08b37,2125d4b7d8b8cc22bae0f093b1cb496dafa87e5a27693506a106180baab08b37
src/aggie_analytics/context_intelligence/mechanics.py,UNCHANGED,4b36e4dd1acecc489979997af3c8b24873af41a317ae87e8aa006d25ee63d698,4b36e4dd1acecc489979997af3c8b24873af41a317ae87e8aa006d25ee63d698
src/aggie_analytics/entities/__init__.py,UNCHANGED,10346983fd9b326838f427ec6e3ff29b6f4a9a45faf97b782ca6560cd1a36a51,10346983fd9b326838f427ec6e3ff29b6f4a9a45faf97b782ca6560cd1a36a51
src/aggie_analytics/entities/contracts.py,UNCHANGED,4ccf21ede675a4de43e7d21701319a9e4b2778fc1ce5da336bbbd086a9eb706b,4ccf21ede675a4de43e7d21701319a9e4b2778fc1ce5da336bbbd086a9eb706b
src/aggie_analytics/entities/ids.py,UNCHANGED,249dac1046a3bcc8e75fa065b0eaa17ca401dd16ce4cb973bfefeaec5066d81e,249dac1046a3bcc8e75fa065b0eaa17ca401dd16ce4cb973bfefeaec5066d81e
src/aggie_analytics/features/__init__.py,UNCHANGED,fdc46b5ee5f5ff351a07f0838be8a216e0bc4852264ca6492ba6e4c39857e03c,fdc46b5ee5f5ff351a07f0838be8a216e0bc4852264ca6492ba6e4c39857e03c
src/aggie_analytics/features/lifecycle.py,UNCHANGED,a05dc7bdf752a822a0898ffcb264bdb44940da9126a36eec0a5face9be56ef8c,a05dc7bdf752a822a0898ffcb264bdb44940da9126a36eec0a5face9be56ef8c
src/aggie_analytics/features/registry.py,UNCHANGED,436b54d74771afcee33f5dda61b03a0e4f86996395f63013b2e7563e5401becd,436b54d74771afcee33f5dda61b03a0e4f86996395f63013b2e7563e5401becd
src/aggie_analytics/features/screening.py,UNCHANGED,3e66a120a2ef1cf013103188ed72db3ae978893c78a442b1fce954b76b1a4391,3e66a120a2ef1cf013103188ed72db3ae978893c78a442b1fce954b76b1a4391
src/aggie_analytics/features/transforms.py,UNCHANGED,7be60a45639575f4f2a37065ce96462341bc57f0c527dcd2271b66a19ea3c6b8,7be60a45639575f4f2a37065ce96462341bc57f0c527dcd2271b66a19ea3c6b8
src/aggie_analytics/modeling/__init__.py,UNCHANGED,4bef9cb409ecf303f77e31099303259aefe3529c81a00b94f9847dfca7428565,4bef9cb409ecf303f77e31099303259aefe3529c81a00b94f9847dfca7428565
src/aggie_analytics/modeling/coherence.py,UNCHANGED,883d09af5fd04bcbe3f3c3dc97badb4fe7670feb65957a68af9c0fbee742e8c6,883d09af5fd04bcbe3f3c3dc97badb4fe7670feb65957a68af9c0fbee742e8c6
src/aggie_analytics/modeling/contracts.py,UNCHANGED,4c7eb557a4dd3d6d5f2f21f60ffd3b49f3456d996ffba4de0d9b13eb5b1586a1,4c7eb557a4dd3d6d5f2f21f60ffd3b49f3456d996ffba4de0d9b13eb5b1586a1
src/aggie_analytics/modeling/simulation.py,UNCHANGED,5ec172848995725a1ff179eb4e449b70470ffa0d1b82302a42c3db5170ae1c86,5ec172848995725a1ff179eb4e449b70470ffa0d1b82302a42c3db5170ae1c86
src/aggie_analytics/modeling/uncertainty.py,UNCHANGED,5a43d0eef6aa895a006dfb6d5aaa6e03fb3a36331757125113101a1897183b91,5a43d0eef6aa895a006dfb6d5aaa6e03fb3a36331757125113101a1897183b91
src/aggie_analytics/player_intelligence/__init__.py,UNCHANGED,24ce97d550e079e66c38d61778f4302a7d2bfe67cef2bca7fbeb50ca4aeeea73,24ce97d550e079e66c38d61778f4302a7d2bfe67cef2bca7fbeb50ca4aeeea73
src/aggie_analytics/player_intelligence/availability.py,UNCHANGED,65a9f92b438d4bdd1f56583f199231c9e9853a7ba56fd63f56065b8a632662b0,65a9f92b438d4bdd1f56583f199231c9e9853a7ba56fd63f56065b8a632662b0
src/aggie_analytics/player_intelligence/prospects.py,UNCHANGED,09adef61bae86dc511f13d3d760c87ff8e72e99cd74c4c1d7def24f99a49734a,09adef61bae86dc511f13d3d760c87ff8e72e99cd74c4c1d7def24f99a49734a
src/aggie_analytics/player_intelligence/state.py,UNCHANGED,336f5c6b8ee57d7ca363b5d02dca9727934dd8f7d8ef615886abf46544dd55be,336f5c6b8ee57d7ca363b5d02dca9727934dd8f7d8ef615886abf46544dd55be
src/aggie_analytics/player_intelligence/transfer.py,UNCHANGED,d343616658fed6b61ce8dc872096984375e9d1c46ea87138460702924213f3a9,d343616658fed6b61ce8dc872096984375e9d1c46ea87138460702924213f3a9
src/aggie_analytics/tamu/__init__.py,UNCHANGED,e6aad20b76c9399c6e15ae8c73ca73d132f8c7d14313c615167aa992b0b11e9b,e6aad20b76c9399c6e15ae8c73ca73d132f8c7d14313c615167aa992b0b11e9b
src/aggie_analytics/tamu/specialization.py,UNCHANGED,8e880ea497ccf0751470bb88d3fcee19c93c3d2376255afaa3f3fcdc7a351fb6,8e880ea497ccf0751470bb88d3fcee19c93c3d2376255afaa3f3fcdc7a351fb6
src/aggie_analytics/tamu/state.py,UNCHANGED,ee0c10b31d9410552977db8d921fc1e4e7a64194dcd548d5e0ac3897c2e5f1cb,ee0c10b31d9410552977db8d921fc1e4e7a64194dcd548d5e0ac3897c2e5f1cb
src/aggie_analytics/team_state/__init__.py,UNCHANGED,5a94ca79f7aef68ffec1e058e6f70fce645f8fae051cd4e9dda0b27d67fc44b7,5a94ca79f7aef68ffec1e058e6f70fce645f8fae051cd4e9dda0b27d67fc44b7
src/aggie_analytics/team_state/hierarchy.py,UNCHANGED,077f28895224ba98be48abac3135fb27c7bc8cbd3514cc29e74c97935bbac7d0,077f28895224ba98be48abac3135fb27c7bc8cbd3514cc29e74c97935bbac7d0
src/aggie_analytics/team_state/state.py,UNCHANGED,05bfac012b25b6f783dbb15f9b0597711f30775549ee7b041b71ec3ceb9e2666,05bfac012b25b6f783dbb15f9b0597711f30775549ee7b041b71ec3ceb9e2666
src/aggie_analytics/team_state/weighting.py,UNCHANGED,2dbe6abad29ee7d3791599103b929026155d76319f01480f7d20d774d125e1dc,2dbe6abad29ee7d3791599103b929026155d76319f01480f7d20d774d125e1dc
src/aggie_analytics/temporal/__init__.py,UNCHANGED,b6e3a782dd444aeb870cdb9ac9eed0aa0761280b081fd9e1706ff89db5420e35,b6e3a782dd444aeb870cdb9ac9eed0aa0761280b081fd9e1706ff89db5420e35
src/aggie_analytics/temporal/contracts.py,UNCHANGED,df92b5d4bc7aad6bf6c3ece617564e6b8fe07d1904f9249d11f9f793ec5bebed,df92b5d4bc7aad6bf6c3ece617564e6b8fe07d1904f9249d11f9f793ec5bebed
src/aggie_analytics/temporal/eligibility.py,UNCHANGED,53e277534e58856b206b4c1f95482b314c6a321d2115df30f9a9a5574ded917c,53e277534e58856b206b4c1f95482b314c6a321d2115df30f9a9a5574ded917c
src/aggie_analytics/validation/__init__.py,ADDED,,ac52f007fcac5273bc15fa3de6c99ce34a571bdf258cc638584fae2bb7b81546
src/aggie_analytics/validation/metrics.py,ADDED,,6ac6c3f16c009161668aab160152578d49bcc90b8a2d77f1eb7c5836d2eeba98
src/aggie_analytics/validation/promotion.py,ADDED,,41c08679be4dede1f41af326babef316f97ccc51061170236c0ad9326d183f8c
src/aggie_analytics/validation/protected.py,ADDED,,83dbcac6aaa01f45b998e48a600e13f5244efac6ea5726fed37f31505a4e6e92
tests/test_acceptance_governance.py,UNCHANGED,ada3a2b998b52d8a75e30fc4a0920825d590f53ad805d0c3cac697625c8d8a24,ada3a2b998b52d8a75e30fc4a0920825d590f53ad805d0c3cac697625c8d8a24
tests/test_architecture.py,UNCHANGED,fa3cb74aff21162eef1b0c2ba59d7747c212cfce2ec86540bff84786fa4286eb,fa3cb74aff21162eef1b0c2ba59d7747c212cfce2ec86540bff84786fa4286eb
tests/test_backlog_governance.py,UNCHANGED,1d9a4f959d5b4f91ac7968f97b5207221958bcbdc98722c0e489f4afd9aa593d,1d9a4f959d5b4f91ac7968f97b5207221958bcbdc98722c0e489f4afd9aa593d
tests/test_bas_science_governance.py,UNCHANGED,e55cb376cd60d8cbeebeee4c79cc6de1a203d4636f0aa76d5ef0b2ca6e49cc54,e55cb376cd60d8cbeebeee4c79cc6de1a203d4636f0aa76d5ef0b2ca6e49cc54
tests/test_context_intelligence_governance.py,UNCHANGED,a9d6c18cec7f3568c405a381651b125accd1fb0ba9690e8ac4d0df01944abd90,a9d6c18cec7f3568c405a381651b125accd1fb0ba9690e8ac4d0df01944abd90
tests/test_data_research.py,UNCHANGED,13222b29759d3250607b1dceefb0a9b9483c019c87f2e8af75c579f6a943ffd6,13222b29759d3250607b1dceefb0a9b9483c019c87f2e8af75c579f6a943ffd6
tests/test_entity_governance.py,UNCHANGED,67d49b627949c7e2a2b3240a9c7a44b526ed245f40c8483038e6201191d932b0,67d49b627949c7e2a2b3240a9c7a44b526ed245f40c8483038e6201191d932b0
tests/test_feature_lifecycle_governance.py,UNCHANGED,7bc6cf085cc225981d12f506f6e470177776f9eb63da828a9aa518fece247f80,7bc6cf085cc225981d12f506f6e470177776f9eb63da828a9aa518fece247f80
tests/test_feature_registry_governance.py,UNCHANGED,a845427f40a9107a9d4e7c1e9284e2afdac3cf34113500cf0bdde455af1ea0a8,a845427f40a9107a9d4e7c1e9284e2afdac3cf34113500cf0bdde455af1ea0a8
tests/test_model_architecture_governance.py,UNCHANGED,19acadb595068d59b0f0ab57e3e526ebc3bafa7cb6814a6e16d3727b88b093de,19acadb595068d59b0f0ab57e3e526ebc3bafa7cb6814a6e16d3727b88b093de
tests/test_package_scaffold.py,MODIFIED,237b15987c78735a837fb16ba273fa16156732e705ea45a6697f58600a69bd1a,341a381af851c275715ab704cf062a60841ccc66e99abf04467c2695627cd056
tests/test_player_intelligence_governance.py,UNCHANGED,23cb894538e4271db8049fa84f0ef289e120a82c5231bb13f17f7d8e6f609737,23cb894538e4271db8049fa84f0ef289e120a82c5231bb13f17f7d8e6f609737
tests/test_repo_integrity_tools.py,UNCHANGED,8f8170ae2472455e4f9c45e0fd94f01d8850f38d30a97f3cacc31acf4fb544da,8f8170ae2472455e4f9c45e0fd94f01d8850f38d30a97f3cacc31acf4fb544da
tests/test_tamu_specialization_governance.py,UNCHANGED,50a18f4ea1fd69de191868abc77f9c410db45e2d3e737b6cef46946661878e98,50a18f4ea1fd69de191868abc77f9c410db45e2d3e737b6cef46946661878e98
tests/test_team_state_governance.py,UNCHANGED,30b7ef4fa0939f578878e8143d315160ce83f76cb3979b57832a43353cfb0654,30b7ef4fa0939f578878e8143d315160ce83f76cb3979b57832a43353cfb0654
tests/test_temporal_governance.py,UNCHANGED,b5dd90c6d17d8a0bda840cf043ee290247d8ad418388f308e1b87fb98e3ca2a2,b5dd90c6d17d8a0bda840cf043ee290247d8ad418388f308e1b87fb98e3ca2a2
tests/test_validation_science_governance.py,ADDED,,86a3012eb96d300ec2e7a9fc0ad55fd5d17903ea1c0f1a5e06c1fbb1d176cf55
tests/test_wave03_governance.py,UNCHANGED,03ef7fc09adb2ad536fc9e4ffd988bbcd8f4cac832fca125426abb85d3954c12,03ef7fc09adb2ad536fc9e4ffd988bbcd8f4cac832fca125426abb85d3954c12
tools/__init__.py,UNCHANGED,efba3e38d7c65a07fb837354b33776aecd4fb11dad137e26ebed95b050d1f8f4,efba3e38d7c65a07fb837354b33776aecd4fb11dad137e26ebed95b050d1f8f4
tools/package_wave.py,UNCHANGED,d06ac78614c2592e285d68e39bd46544757312ac583641fa9149b529ebb3176f,d06ac78614c2592e285d68e39bd46544757312ac583641fa9149b529ebb3176f
tools/packaging.py,UNCHANGED,dc5c8ce29d600260493259f7ef60e4dbcc22ae8d16d58a9876b965ed1f127fa0,dc5c8ce29d600260493259f7ef60e4dbcc22ae8d16d58a9876b965ed1f127fa0
tools/repo_integrity.py,UNCHANGED,268de064f3197c39138429c8097dc2fc263f58aee3ced3718f1de3ddc3911752,268de064f3197c39138429c8097dc2fc263f58aee3ced3718f1de3ddc3911752
tools/schema_discovery.py,UNCHANGED,dd4cf0cb54923dc5eb027f88a3f65480a5a28db1d79675a6850cb5f2461c4ecc,dd4cf0cb54923dc5eb027f88a3f65480a5a28db1d79675a6850cb5f2461c4ecc
tools/validate_acceptance.py,UNCHANGED,5cc254cc3bd0c11e85f67241075a820a1bd91aaaf54c18a8e8275cd2a59145fb,5cc254cc3bd0c11e85f67241075a820a1bd91aaaf54c18a8e8275cd2a59145fb
tools/validate_architecture.py,UNCHANGED,16e31ee27bd970b8ba002ce304810273daf64961213c08204a33fab52a2614d7,16e31ee27bd970b8ba002ce304810273daf64961213c08204a33fab52a2614d7
tools/validate_backlog.py,UNCHANGED,3593fd55533d29408fc32aa070dfafe581b7dbd67f9e231e517ad4b5e78b6699,3593fd55533d29408fc32aa070dfafe581b7dbd67f9e231e517ad4b5e78b6699
tools/validate_bas_science.py,MODIFIED,fdcfcece1708f38489a7724ae91c03e54f04789d7880b368724d2bee807622a8,ada88e6a6a599dbb9ed0cd7cdf13a2590d5b0caf6dbc599fcf632504e536f01c
tools/validate_context_intelligence.py,UNCHANGED,98c28785fa782dcf3281e4f4ab2fdddec03f9c2d5c4220da35d949c693fe6292,98c28785fa782dcf3281e4f4ab2fdddec03f9c2d5c4220da35d949c693fe6292
tools/validate_data_research.py,UNCHANGED,c75721d6b55a25b952500a1bab82bba4d725d96b4fad559bfe3a9fbbbfd432d5,c75721d6b55a25b952500a1bab82bba4d725d96b4fad559bfe3a9fbbbfd432d5
tools/validate_entities.py,UNCHANGED,f4293b7cfdc2fcac8394dfe968886f91c08619e82d97b42e280c2f38ee535fc1,f4293b7cfdc2fcac8394dfe968886f91c08619e82d97b42e280c2f38ee535fc1
tools/validate_feature_lifecycle.py,MODIFIED,cf537666a8f3881f3bd6f9cc12130dce6d5d1326c5e02cc25cd9e9c5bf58ac1a,54318298439691b85aaf58475bdab33a567bbd28bb94feb24f7bc43e899fed0b
tools/validate_feature_registry.py,UNCHANGED,8870145704a1be579171d02554bbd6a2494c652e3038b89b57f6bf07058c8dc7,8870145704a1be579171d02554bbd6a2494c652e3038b89b57f6bf07058c8dc7
tools/validate_model_architecture.py,MODIFIED,3d751cc6745d0bd6850332c8b08841f76d338441f218dfb19a66565509112ce2,91ebd4997785819fc9553f3405b8108a475547c75037b40a7fed27f5d763fd8f
tools/validate_player_intelligence.py,UNCHANGED,18af81922e78b9b619137dc34b8617786bc4e325e24266fcc1ed7a15881803af,18af81922e78b9b619137dc34b8617786bc4e325e24266fcc1ed7a15881803af
tools/validate_repository.py,UNCHANGED,669707ea08d1968c80911cf36b1be649a440eedffa97145dfab6f1728895d2c9,669707ea08d1968c80911cf36b1be649a440eedffa97145dfab6f1728895d2c9
tools/validate_tamu_specialization.py,MODIFIED,14d42ffaff9e9f2c5a73eb24ccb79d7dd65545e0cb6e2cc20ccd26b7b9d4e29d,8560d4db578f9d3838885806fcfc0eadd57ac56acf5d3032bfa6f1e2e2fe7e5d
tools/validate_team_state.py,UNCHANGED,56c65ad4b76f4ab6ddae887fab5a3eaa791e844642561822df7fff73ecb59061,56c65ad4b76f4ab6ddae887fab5a3eaa791e844642561822df7fff73ecb59061
tools/validate_temporal.py,UNCHANGED,0a39180ec81784d3a2e833af689f41381572554fd29d8ac2f568e3074873e206,0a39180ec81784d3a2e833af689f41381572554fd29d8ac2f568e3074873e206
tools/validate_validation_science.py,ADDED,,771c01336a4afcc2a116cb53d533bcd2bc6c88beaab0e8e6010ebb024c40e691
tools/validate_wave_pair.py,UNCHANGED,37e10d8195abb27a18d4ef74630721048526469aee72168dba30305d4372ab6d,37e10d8195abb27a18d4ef74630721048526469aee72168dba30305d4372ab6d
tools/verify_prior_wave.py,UNCHANGED,4931413bc72b63008b0ff718603844b30935415b446ed9c520da21fe030ae054,4931413bc72b63008b0ff718603844b30935415b446ed9c520da21fe030ae054
