local_id,issue_type,parent_id,epic_id,depth,import_id,parent_import_id
EPIC-001,Epic,,,0,100001,
EPIC-002,Epic,,,0,100002,
EPIC-003,Epic,,,0,100003,
EPIC-004,Epic,,,0,100004,
EPIC-005,Epic,,,0,100005,
EPIC-006,Epic,,,0,100006,
EPIC-007,Epic,,,0,100007,
EPIC-008,Epic,,,0,100008,
EPIC-009,Epic,,,0,100009,
EPIC-010,Epic,,,0,100010,
EPIC-011,Epic,,,0,100011,
EPIC-012,Epic,,,0,100012,
EPIC-013,Epic,,,0,100013,
EPIC-014,Epic,,,0,100014,
EPIC-015,Epic,,,0,100015,
EPIC-016,Epic,,,0,100016,
EPIC-017,Epic,,,0,100017,
EPIC-018,Epic,,,0,100018,
EPIC-019,Epic,,,0,100019,
EPIC-020,Epic,,,0,100020,
EPIC-021,Epic,,,0,100021,
EPIC-022,Epic,,,0,100022,
EPIC-023,Epic,,,0,100023,
EPIC-024,Epic,,,0,100024,
EPIC-025,Epic,,,0,100025,
EPIC-026,Epic,,,0,100026,
EPIC-027,Epic,,,0,100027,
EPIC-028,Epic,,,0,100028,
EPIC-029,Epic,,,0,100029,
EPIC-030,Epic,,,0,100030,
EPIC-031,Epic,,,0,100031,
EPIC-032,Epic,,,0,100032,
EPIC-033,Epic,,,0,100033,
POST-EPIC-001,Epic,,,0,100034,
POST-EPIC-002,Epic,,,0,100035,
POST-EPIC-003,Epic,,,0,100036,
POST-EPIC-004,Epic,,,0,100037,
POST-EPIC-005,Epic,,,0,100038,
POST-EPIC-006,Epic,,,0,100039,
POST-EPIC-007,Epic,,,0,100040,
POST-EPIC-008,Epic,,,0,100041,
POST-EPIC-009,Epic,,,0,100042,
POST-EPIC-010,Epic,,,0,100043,
POST-EPIC-011,Epic,,,0,100044,
POST-EPIC-012,Epic,,,0,100045,
POST-EPIC-013,Epic,,,0,100046,
POST-EPIC-014,Epic,,,0,100047,
POST-EPIC-015,Epic,,,0,100048,
POST-EPIC-016,Epic,,,0,100049,
POST-EPIC-017,Epic,,,0,100050,
POST-STORY-001,Story,POST-EPIC-001,POST-EPIC-001,1,100051,100034
POST-STORY-002,Story,POST-EPIC-001,POST-EPIC-001,1,100052,100034
POST-STORY-003,Story,POST-EPIC-001,POST-EPIC-001,1,100053,100034
POST-STORY-004,Story,POST-EPIC-001,POST-EPIC-001,1,100054,100034
POST-STORY-005,Story,POST-EPIC-002,POST-EPIC-002,1,100055,100035
POST-STORY-006,Story,POST-EPIC-002,POST-EPIC-002,1,100056,100035
POST-STORY-007,Story,POST-EPIC-002,POST-EPIC-002,1,100057,100035
POST-STORY-008,Story,POST-EPIC-002,POST-EPIC-002,1,100058,100035
POST-STORY-009,Story,POST-EPIC-003,POST-EPIC-003,1,100059,100036
POST-STORY-010,Story,POST-EPIC-003,POST-EPIC-003,1,100060,100036
POST-STORY-011,Story,POST-EPIC-003,POST-EPIC-003,1,100061,100036
POST-STORY-012,Story,POST-EPIC-004,POST-EPIC-004,1,100062,100037
POST-STORY-013,Story,POST-EPIC-004,POST-EPIC-004,1,100063,100037
POST-STORY-014,Story,POST-EPIC-004,POST-EPIC-004,1,100064,100037
POST-STORY-015,Story,POST-EPIC-005,POST-EPIC-005,1,100065,100038
POST-STORY-016,Story,POST-EPIC-005,POST-EPIC-005,1,100066,100038
POST-STORY-017,Story,POST-EPIC-005,POST-EPIC-005,1,100067,100038
POST-STORY-018,Story,POST-EPIC-006,POST-EPIC-006,1,100068,100039
POST-STORY-019,Story,POST-EPIC-006,POST-EPIC-006,1,100069,100039
POST-STORY-020,Story,POST-EPIC-006,POST-EPIC-006,1,100070,100039
POST-STORY-021,Story,POST-EPIC-007,POST-EPIC-007,1,100071,100040
POST-STORY-022,Story,POST-EPIC-007,POST-EPIC-007,1,100072,100040
POST-STORY-023,Story,POST-EPIC-007,POST-EPIC-007,1,100073,100040
POST-STORY-024,Story,POST-EPIC-008,POST-EPIC-008,1,100074,100041
POST-STORY-025,Story,POST-EPIC-008,POST-EPIC-008,1,100075,100041
POST-STORY-026,Story,POST-EPIC-008,POST-EPIC-008,1,100076,100041
POST-STORY-027,Story,POST-EPIC-009,POST-EPIC-009,1,100077,100042
POST-STORY-028,Story,POST-EPIC-009,POST-EPIC-009,1,100078,100042
POST-STORY-029,Story,POST-EPIC-009,POST-EPIC-009,1,100079,100042
POST-STORY-030,Story,POST-EPIC-010,POST-EPIC-010,1,100080,100043
POST-STORY-031,Story,POST-EPIC-010,POST-EPIC-010,1,100081,100043
POST-STORY-032,Story,POST-EPIC-010,POST-EPIC-010,1,100082,100043
POST-STORY-033,Story,POST-EPIC-011,POST-EPIC-011,1,100083,100044
POST-STORY-034,Story,POST-EPIC-011,POST-EPIC-011,1,100084,100044
POST-STORY-035,Story,POST-EPIC-011,POST-EPIC-011,1,100085,100044
POST-STORY-036,Story,POST-EPIC-012,POST-EPIC-012,1,100086,100045
POST-STORY-037,Story,POST-EPIC-012,POST-EPIC-012,1,100087,100045
POST-STORY-038,Story,POST-EPIC-012,POST-EPIC-012,1,100088,100045
POST-STORY-039,Story,POST-EPIC-013,POST-EPIC-013,1,100089,100046
POST-STORY-040,Story,POST-EPIC-013,POST-EPIC-013,1,100090,100046
POST-STORY-041,Story,POST-EPIC-013,POST-EPIC-013,1,100091,100046
POST-STORY-042,Story,POST-EPIC-014,POST-EPIC-014,1,100092,100047
POST-STORY-043,Story,POST-EPIC-014,POST-EPIC-014,1,100093,100047
POST-STORY-044,Story,POST-EPIC-014,POST-EPIC-014,1,100094,100047
POST-STORY-045,Story,POST-EPIC-015,POST-EPIC-015,1,100095,100048
POST-STORY-046,Story,POST-EPIC-015,POST-EPIC-015,1,100096,100048
POST-STORY-047,Story,POST-EPIC-015,POST-EPIC-015,1,100097,100048
POST-STORY-048,Story,POST-EPIC-016,POST-EPIC-016,1,100098,100049
POST-STORY-049,Story,POST-EPIC-016,POST-EPIC-016,1,100099,100049
POST-STORY-050,Story,POST-EPIC-016,POST-EPIC-016,1,100100,100049
POST-STORY-051,Story,POST-EPIC-017,POST-EPIC-017,1,100101,100050
POST-STORY-052,Story,POST-EPIC-017,POST-EPIC-017,1,100102,100050
POST-STORY-053,Story,POST-EPIC-017,POST-EPIC-017,1,100103,100050
TASK-001,Task,EPIC-001,EPIC-001,1,100104,100001
TASK-002,Task,EPIC-001,EPIC-001,1,100105,100001
TASK-003,Task,EPIC-001,EPIC-001,1,100106,100001
TASK-004,Task,EPIC-001,EPIC-001,1,100107,100001
TASK-005,Task,EPIC-001,EPIC-001,1,100108,100001
TASK-006,Task,EPIC-001,EPIC-001,1,100109,100001
TASK-007,Task,EPIC-002,EPIC-002,1,100110,100002
TASK-008,Task,EPIC-002,EPIC-002,1,100111,100002
TASK-009,Task,EPIC-002,EPIC-002,1,100112,100002
TASK-010,Task,EPIC-002,EPIC-002,1,100113,100002
TASK-011,Task,EPIC-002,EPIC-002,1,100114,100002
TASK-012,Task,EPIC-002,EPIC-002,1,100115,100002
TASK-013,Task,EPIC-003,EPIC-003,1,100116,100003
TASK-014,Task,EPIC-003,EPIC-003,1,100117,100003
TASK-015,Task,EPIC-003,EPIC-003,1,100118,100003
TASK-016,Task,EPIC-003,EPIC-003,1,100119,100003
TASK-017,Task,EPIC-003,EPIC-003,1,100120,100003
TASK-018,Task,EPIC-003,EPIC-003,1,100121,100003
TASK-019,Task,EPIC-004,EPIC-004,1,100122,100004
TASK-020,Task,EPIC-004,EPIC-004,1,100123,100004
TASK-021,Task,EPIC-004,EPIC-004,1,100124,100004
TASK-022,Task,EPIC-004,EPIC-004,1,100125,100004
TASK-023,Task,EPIC-004,EPIC-004,1,100126,100004
TASK-024,Task,EPIC-005,EPIC-005,1,100127,100005
TASK-025,Task,EPIC-005,EPIC-005,1,100128,100005
TASK-026,Task,EPIC-005,EPIC-005,1,100129,100005
TASK-027,Task,EPIC-005,EPIC-005,1,100130,100005
TASK-028,Task,EPIC-005,EPIC-005,1,100131,100005
TASK-029,Task,EPIC-005,EPIC-005,1,100132,100005
TASK-030,Task,EPIC-006,EPIC-006,1,100133,100006
TASK-031,Task,EPIC-006,EPIC-006,1,100134,100006
TASK-032,Task,EPIC-006,EPIC-006,1,100135,100006
TASK-033,Task,EPIC-006,EPIC-006,1,100136,100006
TASK-034,Task,EPIC-006,EPIC-006,1,100137,100006
TASK-035,Task,EPIC-006,EPIC-006,1,100138,100006
TASK-036,Task,EPIC-007,EPIC-007,1,100139,100007
TASK-037,Task,EPIC-007,EPIC-007,1,100140,100007
TASK-038,Task,EPIC-007,EPIC-007,1,100141,100007
TASK-039,Task,EPIC-007,EPIC-007,1,100142,100007
TASK-040,Task,EPIC-007,EPIC-007,1,100143,100007
TASK-041,Task,EPIC-008,EPIC-008,1,100144,100008
TASK-042,Task,EPIC-008,EPIC-008,1,100145,100008
TASK-043,Task,EPIC-008,EPIC-008,1,100146,100008
TASK-044,Task,EPIC-008,EPIC-008,1,100147,100008
TASK-045,Task,EPIC-008,EPIC-008,1,100148,100008
TASK-046,Task,EPIC-008,EPIC-008,1,100149,100008
TASK-047,Task,EPIC-009,EPIC-009,1,100150,100009
TASK-048,Task,EPIC-009,EPIC-009,1,100151,100009
TASK-049,Task,EPIC-009,EPIC-009,1,100152,100009
TASK-050,Task,EPIC-009,EPIC-009,1,100153,100009
TASK-051,Task,EPIC-009,EPIC-009,1,100154,100009
TASK-052,Task,EPIC-009,EPIC-009,1,100155,100009
TASK-053,Task,EPIC-010,EPIC-010,1,100156,100010
TASK-054,Task,EPIC-010,EPIC-010,1,100157,100010
TASK-055,Task,EPIC-010,EPIC-010,1,100158,100010
TASK-056,Task,EPIC-010,EPIC-010,1,100159,100010
TASK-057,Task,EPIC-010,EPIC-010,1,100160,100010
TASK-058,Task,EPIC-010,EPIC-010,1,100161,100010
TASK-059,Task,EPIC-011,EPIC-011,1,100162,100011
TASK-060,Task,EPIC-011,EPIC-011,1,100163,100011
TASK-061,Task,EPIC-011,EPIC-011,1,100164,100011
TASK-062,Task,EPIC-011,EPIC-011,1,100165,100011
TASK-063,Task,EPIC-011,EPIC-011,1,100166,100011
TASK-064,Task,EPIC-011,EPIC-011,1,100167,100011
TASK-065,Task,EPIC-012,EPIC-012,1,100168,100012
TASK-066,Task,EPIC-012,EPIC-012,1,100169,100012
TASK-067,Task,EPIC-012,EPIC-012,1,100170,100012
TASK-068,Task,EPIC-012,EPIC-012,1,100171,100012
TASK-069,Task,EPIC-012,EPIC-012,1,100172,100012
TASK-070,Task,EPIC-012,EPIC-012,1,100173,100012
TASK-071,Task,EPIC-013,EPIC-013,1,100174,100013
TASK-072,Task,EPIC-013,EPIC-013,1,100175,100013
TASK-073,Task,EPIC-013,EPIC-013,1,100176,100013
TASK-074,Task,EPIC-013,EPIC-013,1,100177,100013
TASK-075,Task,EPIC-013,EPIC-013,1,100178,100013
TASK-076,Task,EPIC-013,EPIC-013,1,100179,100013
TASK-077,Task,EPIC-014,EPIC-014,1,100180,100014
TASK-078,Task,EPIC-014,EPIC-014,1,100181,100014
TASK-079,Task,EPIC-014,EPIC-014,1,100182,100014
TASK-080,Task,EPIC-014,EPIC-014,1,100183,100014
TASK-081,Task,EPIC-014,EPIC-014,1,100184,100014
TASK-082,Task,EPIC-014,EPIC-014,1,100185,100014
TASK-083,Task,EPIC-015,EPIC-015,1,100186,100015
TASK-084,Task,EPIC-015,EPIC-015,1,100187,100015
TASK-085,Task,EPIC-015,EPIC-015,1,100188,100015
TASK-086,Task,EPIC-015,EPIC-015,1,100189,100015
TASK-087,Task,EPIC-015,EPIC-015,1,100190,100015
TASK-088,Task,EPIC-016,EPIC-016,1,100191,100016
TASK-089,Task,EPIC-016,EPIC-016,1,100192,100016
TASK-090,Task,EPIC-016,EPIC-016,1,100193,100016
TASK-091,Task,EPIC-016,EPIC-016,1,100194,100016
TASK-092,Task,EPIC-016,EPIC-016,1,100195,100016
TASK-093,Task,EPIC-016,EPIC-016,1,100196,100016
TASK-094,Task,EPIC-017,EPIC-017,1,100197,100017
TASK-095,Task,EPIC-017,EPIC-017,1,100198,100017
TASK-096,Task,EPIC-017,EPIC-017,1,100199,100017
TASK-097,Task,EPIC-017,EPIC-017,1,100200,100017
TASK-098,Task,EPIC-017,EPIC-017,1,100201,100017
TASK-099,Task,EPIC-017,EPIC-017,1,100202,100017
TASK-100,Task,EPIC-018,EPIC-018,1,100203,100018
TASK-101,Task,EPIC-018,EPIC-018,1,100204,100018
TASK-102,Task,EPIC-018,EPIC-018,1,100205,100018
TASK-103,Task,EPIC-018,EPIC-018,1,100206,100018
TASK-104,Task,EPIC-018,EPIC-018,1,100207,100018
TASK-105,Task,EPIC-019,EPIC-019,1,100208,100019
TASK-106,Task,EPIC-019,EPIC-019,1,100209,100019
TASK-107,Task,EPIC-019,EPIC-019,1,100210,100019
TASK-108,Task,EPIC-019,EPIC-019,1,100211,100019
TASK-109,Task,EPIC-019,EPIC-019,1,100212,100019
TASK-110,Task,EPIC-019,EPIC-019,1,100213,100019
TASK-111,Task,EPIC-020,EPIC-020,1,100214,100020
TASK-112,Task,EPIC-020,EPIC-020,1,100215,100020
TASK-113,Task,EPIC-020,EPIC-020,1,100216,100020
TASK-114,Task,EPIC-020,EPIC-020,1,100217,100020
TASK-115,Task,EPIC-020,EPIC-020,1,100218,100020
TASK-116,Task,EPIC-021,EPIC-021,1,100219,100021
TASK-117,Task,EPIC-021,EPIC-021,1,100220,100021
TASK-118,Task,EPIC-021,EPIC-021,1,100221,100021
TASK-119,Task,EPIC-021,EPIC-021,1,100222,100021
TASK-120,Task,EPIC-021,EPIC-021,1,100223,100021
TASK-121,Task,EPIC-021,EPIC-021,1,100224,100021
TASK-122,Task,EPIC-022,EPIC-022,1,100225,100022
TASK-123,Task,EPIC-022,EPIC-022,1,100226,100022
TASK-124,Task,EPIC-022,EPIC-022,1,100227,100022
TASK-125,Task,EPIC-022,EPIC-022,1,100228,100022
TASK-126,Task,EPIC-022,EPIC-022,1,100229,100022
TASK-127,Task,EPIC-022,EPIC-022,1,100230,100022
TASK-128,Task,EPIC-023,EPIC-023,1,100231,100023
TASK-129,Task,EPIC-023,EPIC-023,1,100232,100023
TASK-130,Task,EPIC-023,EPIC-023,1,100233,100023
TASK-131,Task,EPIC-023,EPIC-023,1,100234,100023
TASK-132,Task,EPIC-023,EPIC-023,1,100235,100023
TASK-133,Task,EPIC-023,EPIC-023,1,100236,100023
TASK-134,Task,EPIC-024,EPIC-024,1,100237,100024
TASK-135,Task,EPIC-024,EPIC-024,1,100238,100024
TASK-136,Task,EPIC-024,EPIC-024,1,100239,100024
TASK-137,Task,EPIC-024,EPIC-024,1,100240,100024
TASK-138,Task,EPIC-024,EPIC-024,1,100241,100024
TASK-139,Task,EPIC-024,EPIC-024,1,100242,100024
TASK-140,Task,EPIC-025,EPIC-025,1,100243,100025
TASK-141,Task,EPIC-025,EPIC-025,1,100244,100025
TASK-142,Task,EPIC-025,EPIC-025,1,100245,100025
TASK-143,Task,EPIC-025,EPIC-025,1,100246,100025
TASK-144,Task,EPIC-025,EPIC-025,1,100247,100025
TASK-145,Task,EPIC-025,EPIC-025,1,100248,100025
TASK-146,Task,EPIC-026,EPIC-026,1,100249,100026
TASK-147,Task,EPIC-026,EPIC-026,1,100250,100026
TASK-148,Task,EPIC-026,EPIC-026,1,100251,100026
TASK-149,Task,EPIC-026,EPIC-026,1,100252,100026
TASK-150,Task,EPIC-026,EPIC-026,1,100253,100026
TASK-151,Task,EPIC-026,EPIC-026,1,100254,100026
TASK-152,Task,EPIC-027,EPIC-027,1,100255,100027
TASK-153,Task,EPIC-027,EPIC-027,1,100256,100027
TASK-154,Task,EPIC-027,EPIC-027,1,100257,100027
TASK-155,Task,EPIC-027,EPIC-027,1,100258,100027
TASK-156,Task,EPIC-027,EPIC-027,1,100259,100027
TASK-157,Task,EPIC-027,EPIC-027,1,100260,100027
TASK-158,Task,EPIC-028,EPIC-028,1,100261,100028
TASK-159,Task,EPIC-028,EPIC-028,1,100262,100028
TASK-160,Task,EPIC-028,EPIC-028,1,100263,100028
TASK-161,Task,EPIC-028,EPIC-028,1,100264,100028
TASK-162,Task,EPIC-028,EPIC-028,1,100265,100028
TASK-163,Task,EPIC-028,EPIC-028,1,100266,100028
TASK-164,Task,EPIC-029,EPIC-029,1,100267,100029
TASK-165,Task,EPIC-029,EPIC-029,1,100268,100029
TASK-166,Task,EPIC-029,EPIC-029,1,100269,100029
TASK-167,Task,EPIC-029,EPIC-029,1,100270,100029
TASK-168,Task,EPIC-029,EPIC-029,1,100271,100029
TASK-169,Task,EPIC-030,EPIC-030,1,100272,100030
TASK-170,Task,EPIC-030,EPIC-030,1,100273,100030
TASK-171,Task,EPIC-030,EPIC-030,1,100274,100030
TASK-172,Task,EPIC-030,EPIC-030,1,100275,100030
TASK-173,Task,EPIC-031,EPIC-031,1,100276,100031
TASK-174,Task,EPIC-031,EPIC-031,1,100277,100031
TASK-175,Task,EPIC-031,EPIC-031,1,100278,100031
TASK-176,Task,EPIC-031,EPIC-031,1,100279,100031
TASK-177,Task,EPIC-031,EPIC-031,1,100280,100031
TASK-178,Task,EPIC-031,EPIC-031,1,100281,100031
TASK-179,Task,EPIC-032,EPIC-032,1,100282,100032
TASK-180,Task,EPIC-032,EPIC-032,1,100283,100032
TASK-181,Task,EPIC-032,EPIC-032,1,100284,100032
TASK-182,Task,EPIC-032,EPIC-032,1,100285,100032
TASK-183,Task,EPIC-032,EPIC-032,1,100286,100032
TASK-184,Task,EPIC-032,EPIC-032,1,100287,100032
TASK-185,Task,EPIC-033,EPIC-033,1,100288,100033
TASK-186,Task,EPIC-033,EPIC-033,1,100289,100033
TASK-187,Task,EPIC-033,EPIC-033,1,100290,100033
TASK-188,Task,EPIC-033,EPIC-033,1,100291,100033
TASK-189,Task,EPIC-033,EPIC-033,1,100292,100033
TASK-190,Task,EPIC-002,EPIC-002,1,100293,100002
TASK-191,Task,EPIC-003,EPIC-003,1,100294,100003
TASK-192,Task,EPIC-003,EPIC-003,1,100295,100003
TASK-193,Task,EPIC-009,EPIC-009,1,100296,100009
TASK-194,Task,EPIC-006,EPIC-006,1,100297,100006
TASK-195,Task,EPIC-012,EPIC-012,1,100298,100012
TASK-196,Task,EPIC-022,EPIC-022,1,100299,100022
TASK-197,Task,EPIC-004,EPIC-004,1,100300,100004
TASK-198,Task,EPIC-012,EPIC-012,1,100301,100012
TASK-199,Task,EPIC-031,EPIC-031,1,100302,100031
TASK-200,Task,EPIC-010,EPIC-010,1,100303,100010
TASK-201,Task,EPIC-014,EPIC-014,1,100304,100014
POST-SUBTASK-001,Subtask,POST-STORY-001,POST-EPIC-001,2,100305,100051
POST-SUBTASK-002,Subtask,POST-STORY-001,POST-EPIC-001,2,100306,100051
POST-SUBTASK-003,Subtask,POST-STORY-001,POST-EPIC-001,2,100307,100051
POST-SUBTASK-004,Subtask,POST-STORY-002,POST-EPIC-001,2,100308,100052
POST-SUBTASK-005,Subtask,POST-STORY-002,POST-EPIC-001,2,100309,100052
POST-SUBTASK-006,Subtask,POST-STORY-002,POST-EPIC-001,2,100310,100052
POST-SUBTASK-007,Subtask,POST-STORY-003,POST-EPIC-001,2,100311,100053
POST-SUBTASK-008,Subtask,POST-STORY-003,POST-EPIC-001,2,100312,100053
POST-SUBTASK-009,Subtask,POST-STORY-003,POST-EPIC-001,2,100313,100053
POST-SUBTASK-010,Subtask,POST-STORY-004,POST-EPIC-001,2,100314,100054
POST-SUBTASK-011,Subtask,POST-STORY-004,POST-EPIC-001,2,100315,100054
POST-SUBTASK-012,Subtask,POST-STORY-004,POST-EPIC-001,2,100316,100054
POST-SUBTASK-013,Subtask,POST-STORY-005,POST-EPIC-002,2,100317,100055
POST-SUBTASK-014,Subtask,POST-STORY-005,POST-EPIC-002,2,100318,100055
POST-SUBTASK-015,Subtask,POST-STORY-005,POST-EPIC-002,2,100319,100055
POST-SUBTASK-016,Subtask,POST-STORY-006,POST-EPIC-002,2,100320,100056
POST-SUBTASK-017,Subtask,POST-STORY-006,POST-EPIC-002,2,100321,100056
POST-SUBTASK-018,Subtask,POST-STORY-006,POST-EPIC-002,2,100322,100056
POST-SUBTASK-019,Subtask,POST-STORY-007,POST-EPIC-002,2,100323,100057
POST-SUBTASK-020,Subtask,POST-STORY-007,POST-EPIC-002,2,100324,100057
POST-SUBTASK-021,Subtask,POST-STORY-007,POST-EPIC-002,2,100325,100057
POST-SUBTASK-022,Subtask,POST-STORY-008,POST-EPIC-002,2,100326,100058
POST-SUBTASK-023,Subtask,POST-STORY-008,POST-EPIC-002,2,100327,100058
POST-SUBTASK-024,Subtask,POST-STORY-008,POST-EPIC-002,2,100328,100058
POST-SUBTASK-025,Subtask,POST-STORY-009,POST-EPIC-003,2,100329,100059
POST-SUBTASK-026,Subtask,POST-STORY-009,POST-EPIC-003,2,100330,100059
POST-SUBTASK-027,Subtask,POST-STORY-009,POST-EPIC-003,2,100331,100059
POST-SUBTASK-028,Subtask,POST-STORY-010,POST-EPIC-003,2,100332,100060
POST-SUBTASK-029,Subtask,POST-STORY-010,POST-EPIC-003,2,100333,100060
POST-SUBTASK-030,Subtask,POST-STORY-010,POST-EPIC-003,2,100334,100060
POST-SUBTASK-031,Subtask,POST-STORY-011,POST-EPIC-003,2,100335,100061
POST-SUBTASK-032,Subtask,POST-STORY-011,POST-EPIC-003,2,100336,100061
POST-SUBTASK-033,Subtask,POST-STORY-011,POST-EPIC-003,2,100337,100061
POST-SUBTASK-034,Subtask,POST-STORY-012,POST-EPIC-004,2,100338,100062
POST-SUBTASK-035,Subtask,POST-STORY-012,POST-EPIC-004,2,100339,100062
POST-SUBTASK-036,Subtask,POST-STORY-012,POST-EPIC-004,2,100340,100062
POST-SUBTASK-037,Subtask,POST-STORY-013,POST-EPIC-004,2,100341,100063
POST-SUBTASK-038,Subtask,POST-STORY-013,POST-EPIC-004,2,100342,100063
POST-SUBTASK-039,Subtask,POST-STORY-013,POST-EPIC-004,2,100343,100063
POST-SUBTASK-040,Subtask,POST-STORY-014,POST-EPIC-004,2,100344,100064
POST-SUBTASK-041,Subtask,POST-STORY-014,POST-EPIC-004,2,100345,100064
POST-SUBTASK-042,Subtask,POST-STORY-014,POST-EPIC-004,2,100346,100064
POST-SUBTASK-043,Subtask,POST-STORY-015,POST-EPIC-005,2,100347,100065
POST-SUBTASK-044,Subtask,POST-STORY-015,POST-EPIC-005,2,100348,100065
POST-SUBTASK-045,Subtask,POST-STORY-015,POST-EPIC-005,2,100349,100065
POST-SUBTASK-046,Subtask,POST-STORY-016,POST-EPIC-005,2,100350,100066
POST-SUBTASK-047,Subtask,POST-STORY-016,POST-EPIC-005,2,100351,100066
POST-SUBTASK-048,Subtask,POST-STORY-016,POST-EPIC-005,2,100352,100066
POST-SUBTASK-049,Subtask,POST-STORY-017,POST-EPIC-005,2,100353,100067
POST-SUBTASK-050,Subtask,POST-STORY-017,POST-EPIC-005,2,100354,100067
POST-SUBTASK-051,Subtask,POST-STORY-017,POST-EPIC-005,2,100355,100067
POST-SUBTASK-052,Subtask,POST-STORY-018,POST-EPIC-006,2,100356,100068
POST-SUBTASK-053,Subtask,POST-STORY-018,POST-EPIC-006,2,100357,100068
POST-SUBTASK-054,Subtask,POST-STORY-018,POST-EPIC-006,2,100358,100068
POST-SUBTASK-055,Subtask,POST-STORY-019,POST-EPIC-006,2,100359,100069
POST-SUBTASK-056,Subtask,POST-STORY-019,POST-EPIC-006,2,100360,100069
POST-SUBTASK-057,Subtask,POST-STORY-019,POST-EPIC-006,2,100361,100069
POST-SUBTASK-058,Subtask,POST-STORY-020,POST-EPIC-006,2,100362,100070
POST-SUBTASK-059,Subtask,POST-STORY-020,POST-EPIC-006,2,100363,100070
POST-SUBTASK-060,Subtask,POST-STORY-020,POST-EPIC-006,2,100364,100070
POST-SUBTASK-061,Subtask,POST-STORY-021,POST-EPIC-007,2,100365,100071
POST-SUBTASK-062,Subtask,POST-STORY-021,POST-EPIC-007,2,100366,100071
POST-SUBTASK-063,Subtask,POST-STORY-021,POST-EPIC-007,2,100367,100071
POST-SUBTASK-064,Subtask,POST-STORY-022,POST-EPIC-007,2,100368,100072
POST-SUBTASK-065,Subtask,POST-STORY-022,POST-EPIC-007,2,100369,100072
POST-SUBTASK-066,Subtask,POST-STORY-022,POST-EPIC-007,2,100370,100072
POST-SUBTASK-067,Subtask,POST-STORY-023,POST-EPIC-007,2,100371,100073
POST-SUBTASK-068,Subtask,POST-STORY-023,POST-EPIC-007,2,100372,100073
POST-SUBTASK-069,Subtask,POST-STORY-023,POST-EPIC-007,2,100373,100073
POST-SUBTASK-070,Subtask,POST-STORY-024,POST-EPIC-008,2,100374,100074
POST-SUBTASK-071,Subtask,POST-STORY-024,POST-EPIC-008,2,100375,100074
POST-SUBTASK-072,Subtask,POST-STORY-024,POST-EPIC-008,2,100376,100074
POST-SUBTASK-073,Subtask,POST-STORY-025,POST-EPIC-008,2,100377,100075
POST-SUBTASK-074,Subtask,POST-STORY-025,POST-EPIC-008,2,100378,100075
POST-SUBTASK-075,Subtask,POST-STORY-025,POST-EPIC-008,2,100379,100075
POST-SUBTASK-076,Subtask,POST-STORY-026,POST-EPIC-008,2,100380,100076
POST-SUBTASK-077,Subtask,POST-STORY-026,POST-EPIC-008,2,100381,100076
POST-SUBTASK-078,Subtask,POST-STORY-026,POST-EPIC-008,2,100382,100076
POST-SUBTASK-079,Subtask,POST-STORY-027,POST-EPIC-009,2,100383,100077
POST-SUBTASK-080,Subtask,POST-STORY-027,POST-EPIC-009,2,100384,100077
POST-SUBTASK-081,Subtask,POST-STORY-027,POST-EPIC-009,2,100385,100077
POST-SUBTASK-082,Subtask,POST-STORY-028,POST-EPIC-009,2,100386,100078
POST-SUBTASK-083,Subtask,POST-STORY-028,POST-EPIC-009,2,100387,100078
POST-SUBTASK-084,Subtask,POST-STORY-028,POST-EPIC-009,2,100388,100078
POST-SUBTASK-085,Subtask,POST-STORY-029,POST-EPIC-009,2,100389,100079
POST-SUBTASK-086,Subtask,POST-STORY-029,POST-EPIC-009,2,100390,100079
POST-SUBTASK-087,Subtask,POST-STORY-029,POST-EPIC-009,2,100391,100079
POST-SUBTASK-088,Subtask,POST-STORY-030,POST-EPIC-010,2,100392,100080
POST-SUBTASK-089,Subtask,POST-STORY-030,POST-EPIC-010,2,100393,100080
POST-SUBTASK-090,Subtask,POST-STORY-030,POST-EPIC-010,2,100394,100080
POST-SUBTASK-091,Subtask,POST-STORY-031,POST-EPIC-010,2,100395,100081
POST-SUBTASK-092,Subtask,POST-STORY-031,POST-EPIC-010,2,100396,100081
POST-SUBTASK-093,Subtask,POST-STORY-031,POST-EPIC-010,2,100397,100081
POST-SUBTASK-094,Subtask,POST-STORY-032,POST-EPIC-010,2,100398,100082
POST-SUBTASK-095,Subtask,POST-STORY-032,POST-EPIC-010,2,100399,100082
POST-SUBTASK-096,Subtask,POST-STORY-032,POST-EPIC-010,2,100400,100082
POST-SUBTASK-097,Subtask,POST-STORY-033,POST-EPIC-011,2,100401,100083
POST-SUBTASK-098,Subtask,POST-STORY-033,POST-EPIC-011,2,100402,100083
POST-SUBTASK-099,Subtask,POST-STORY-033,POST-EPIC-011,2,100403,100083
POST-SUBTASK-100,Subtask,POST-STORY-034,POST-EPIC-011,2,100404,100084
POST-SUBTASK-101,Subtask,POST-STORY-034,POST-EPIC-011,2,100405,100084
POST-SUBTASK-102,Subtask,POST-STORY-034,POST-EPIC-011,2,100406,100084
POST-SUBTASK-103,Subtask,POST-STORY-035,POST-EPIC-011,2,100407,100085
POST-SUBTASK-104,Subtask,POST-STORY-035,POST-EPIC-011,2,100408,100085
POST-SUBTASK-105,Subtask,POST-STORY-035,POST-EPIC-011,2,100409,100085
POST-SUBTASK-106,Subtask,POST-STORY-036,POST-EPIC-012,2,100410,100086
POST-SUBTASK-107,Subtask,POST-STORY-036,POST-EPIC-012,2,100411,100086
POST-SUBTASK-108,Subtask,POST-STORY-036,POST-EPIC-012,2,100412,100086
POST-SUBTASK-109,Subtask,POST-STORY-037,POST-EPIC-012,2,100413,100087
POST-SUBTASK-110,Subtask,POST-STORY-037,POST-EPIC-012,2,100414,100087
POST-SUBTASK-111,Subtask,POST-STORY-037,POST-EPIC-012,2,100415,100087
POST-SUBTASK-112,Subtask,POST-STORY-038,POST-EPIC-012,2,100416,100088
POST-SUBTASK-113,Subtask,POST-STORY-038,POST-EPIC-012,2,100417,100088
POST-SUBTASK-114,Subtask,POST-STORY-038,POST-EPIC-012,2,100418,100088
POST-SUBTASK-115,Subtask,POST-STORY-039,POST-EPIC-013,2,100419,100089
POST-SUBTASK-116,Subtask,POST-STORY-039,POST-EPIC-013,2,100420,100089
POST-SUBTASK-117,Subtask,POST-STORY-039,POST-EPIC-013,2,100421,100089
POST-SUBTASK-118,Subtask,POST-STORY-040,POST-EPIC-013,2,100422,100090
POST-SUBTASK-119,Subtask,POST-STORY-040,POST-EPIC-013,2,100423,100090
POST-SUBTASK-120,Subtask,POST-STORY-040,POST-EPIC-013,2,100424,100090
POST-SUBTASK-121,Subtask,POST-STORY-041,POST-EPIC-013,2,100425,100091
POST-SUBTASK-122,Subtask,POST-STORY-041,POST-EPIC-013,2,100426,100091
POST-SUBTASK-123,Subtask,POST-STORY-041,POST-EPIC-013,2,100427,100091
POST-SUBTASK-124,Subtask,POST-STORY-042,POST-EPIC-014,2,100428,100092
POST-SUBTASK-125,Subtask,POST-STORY-042,POST-EPIC-014,2,100429,100092
POST-SUBTASK-126,Subtask,POST-STORY-042,POST-EPIC-014,2,100430,100092
POST-SUBTASK-127,Subtask,POST-STORY-043,POST-EPIC-014,2,100431,100093
POST-SUBTASK-128,Subtask,POST-STORY-043,POST-EPIC-014,2,100432,100093
POST-SUBTASK-129,Subtask,POST-STORY-043,POST-EPIC-014,2,100433,100093
POST-SUBTASK-130,Subtask,POST-STORY-044,POST-EPIC-014,2,100434,100094
POST-SUBTASK-131,Subtask,POST-STORY-044,POST-EPIC-014,2,100435,100094
POST-SUBTASK-132,Subtask,POST-STORY-044,POST-EPIC-014,2,100436,100094
POST-SUBTASK-133,Subtask,POST-STORY-045,POST-EPIC-015,2,100437,100095
POST-SUBTASK-134,Subtask,POST-STORY-045,POST-EPIC-015,2,100438,100095
POST-SUBTASK-135,Subtask,POST-STORY-045,POST-EPIC-015,2,100439,100095
POST-SUBTASK-136,Subtask,POST-STORY-046,POST-EPIC-015,2,100440,100096
POST-SUBTASK-137,Subtask,POST-STORY-046,POST-EPIC-015,2,100441,100096
POST-SUBTASK-138,Subtask,POST-STORY-046,POST-EPIC-015,2,100442,100096
POST-SUBTASK-139,Subtask,POST-STORY-047,POST-EPIC-015,2,100443,100097
POST-SUBTASK-140,Subtask,POST-STORY-047,POST-EPIC-015,2,100444,100097
POST-SUBTASK-141,Subtask,POST-STORY-047,POST-EPIC-015,2,100445,100097
POST-SUBTASK-142,Subtask,POST-STORY-048,POST-EPIC-016,2,100446,100098
POST-SUBTASK-143,Subtask,POST-STORY-048,POST-EPIC-016,2,100447,100098
POST-SUBTASK-144,Subtask,POST-STORY-048,POST-EPIC-016,2,100448,100098
POST-SUBTASK-145,Subtask,POST-STORY-049,POST-EPIC-016,2,100449,100099
POST-SUBTASK-146,Subtask,POST-STORY-049,POST-EPIC-016,2,100450,100099
POST-SUBTASK-147,Subtask,POST-STORY-049,POST-EPIC-016,2,100451,100099
POST-SUBTASK-148,Subtask,POST-STORY-050,POST-EPIC-016,2,100452,100100
POST-SUBTASK-149,Subtask,POST-STORY-050,POST-EPIC-016,2,100453,100100
POST-SUBTASK-150,Subtask,POST-STORY-050,POST-EPIC-016,2,100454,100100
POST-SUBTASK-151,Subtask,POST-STORY-051,POST-EPIC-017,2,100455,100101
POST-SUBTASK-152,Subtask,POST-STORY-051,POST-EPIC-017,2,100456,100101
POST-SUBTASK-153,Subtask,POST-STORY-051,POST-EPIC-017,2,100457,100101
POST-SUBTASK-154,Subtask,POST-STORY-052,POST-EPIC-017,2,100458,100102
POST-SUBTASK-155,Subtask,POST-STORY-052,POST-EPIC-017,2,100459,100102
POST-SUBTASK-156,Subtask,POST-STORY-052,POST-EPIC-017,2,100460,100102
POST-SUBTASK-157,Subtask,POST-STORY-053,POST-EPIC-017,2,100461,100103
POST-SUBTASK-158,Subtask,POST-STORY-053,POST-EPIC-017,2,100462,100103
POST-SUBTASK-159,Subtask,POST-STORY-053,POST-EPIC-017,2,100463,100103
POST-EPIC-018,Epic,,,0,100464,
POST-STORY-054,Story,POST-EPIC-018,POST-EPIC-018,1,100465,100464
POST-STORY-055,Story,POST-EPIC-018,POST-EPIC-018,1,100466,100464
POST-STORY-056,Story,POST-EPIC-018,POST-EPIC-018,1,100467,100464
POST-SUBTASK-160,Subtask,POST-STORY-054,POST-EPIC-018,2,100468,100465
POST-SUBTASK-161,Subtask,POST-STORY-054,POST-EPIC-018,2,100469,100465
POST-SUBTASK-162,Subtask,POST-STORY-055,POST-EPIC-018,2,100470,100466
POST-SUBTASK-163,Subtask,POST-STORY-055,POST-EPIC-018,2,100471,100466
POST-SUBTASK-164,Subtask,POST-STORY-055,POST-EPIC-018,2,100472,100466
POST-SUBTASK-165,Subtask,POST-STORY-055,POST-EPIC-018,2,100473,100466
POST-SUBTASK-166,Subtask,POST-STORY-056,POST-EPIC-018,2,100474,100467
POST-SUBTASK-167,Subtask,POST-STORY-055,POST-EPIC-018,2,100475,100466
POST-SUBTASK-168,Subtask,POST-STORY-056,POST-EPIC-018,2,100476,100467
POST-SUBTASK-169,Sub-task,POST-STORY-025,POST-EPIC-008,2,100477,100075
POST-SUBTASK-170,Sub-task,POST-STORY-010,POST-EPIC-003,2,100478,100060
POST-SUBTASK-171,Sub-task,POST-STORY-025,POST-EPIC-008,2,100479,100075
